Region,Country,Year,All Types,Beer,Other,Spirits,Wine
Eastern Mediterranean,Afghanistan,2000,0,0,0,0,0
Eastern Mediterranean,Afghanistan,2001,0,0,0,0,0
Eastern Mediterranean,Afghanistan,2002,0.01,0,0,0,0
Eastern Mediterranean,Afghanistan,2003,0.01,0,0,0.01,0
Eastern Mediterranean,Afghanistan,2004,0.02,0.02,0,0,0
Eastern Mediterranean,Afghanistan,2005,0.02,0.01,0,0.01,0
Eastern Mediterranean,Afghanistan,2006,0.03,0.01,0,0.01,0.01
Eastern Mediterranean,Afghanistan,2007,0.02,0.01,0,0,0.01
Eastern Mediterranean,Afghanistan,2008,0.03,0.01,0,0.02,0
Eastern Mediterranean,Afghanistan,2009,0.01,0.01,0,0,0
Eastern Mediterranean,Afghanistan,2010,0.01,0.01,0,0,0
Eastern Mediterranean,Afghanistan,2011,0.01,0.01,0,0,0
Eastern Mediterranean,Afghanistan,2012,0.01,0.01,0,0,0
Eastern Mediterranean,Afghanistan,2013,0.01,0.01,0,0,0
Europe,Albania,2000,3.66,1.26,0,1.96,0.43
Europe,Albania,2001,4.25,1.42,0,2.02,0.81
Europe,Albania,2002,3.73,1.23,0,2.09,0.41
Europe,Albania,2003,5.58,1.86,0.1,2.26,1.36
Europe,Albania,2004,5.14,1.68,0.09,2.05,1.33
Europe,Albania,2005,0.36,0.17,0,0.01,0.18
Europe,Albania,2006,0.44,0.16,0,0.03,0.25
Europe,Albania,2007,0.66,0.22,0,0.07,0.36
Europe,Albania,2008,12.37,3.38,0,2.94,6.05
Europe,Albania,2009,11.02,3.56,0,2.84,4.62
Europe,Albania,2010,9.98,3.1,0,2.59,4.29
Europe,Albania,2011,3.53,1.72,0.01,0.22,1.58
Europe,Albania,2012,7.01,4.75,0.03,0.36,1.86
Europe,Albania,2013,8.33,5.48,0.07,1.47,1.32
Europe,Albania,2014,7.28,1.97,0.39,3.48,1.43
Africa,Algeria,2000,7.82,2.94,0.27,3.29,1.32
Africa,Algeria,2001,8.56,2.72,0.28,3.7,1.87
Africa,Algeria,2002,7.63,2.04,0.04,0.52,5.03
Africa,Algeria,2003,8.33,3.23,0.39,0.4,4.31
Africa,Algeria,2004,7.93,3.36,0.8,0.56,3.22
Africa,Algeria,2005,3.81,0.22,0,3.16,0.43
Africa,Algeria,2006,3.96,0.32,0,3.36,0.27
Africa,Algeria,2007,3.91,0.51,0.01,3.25,0.13
Africa,Algeria,2008,9.84,4.57,0.94,1.2,3.13
Africa,Algeria,2009,10.62,4.68,0.84,1.32,3.78
Africa,Algeria,2010,9.71,4.01,0.83,1.23,3.64
Africa,Algeria,2011,12.1,6.7,0,1.6,3.8
Africa,Algeria,2012,11.3,6.2,0,1.7,3.4
Africa,Algeria,2013,12.32,6.25,0,1.7,4.37
Europe,Andorra,2000,0.62,0.25,0,0.35,0.02
Europe,Andorra,2001,2.1,0.27,0.16,1.45,0.22
Europe,Andorra,2002,11.64,3.7,0.03,6.08,1.79
Europe,Andorra,2003,11.07,3.78,0.52,4.64,1.51
Europe,Andorra,2004,9.34,3.34,0.38,4.1,1.46
Europe,Andorra,2005,1.95,0.55,0,1.25,0.3
Europe,Andorra,2006,2.1,0.52,0.01,1.34,0.19
Europe,Andorra,2007,1.66,0.34,0.01,1.19,0.11
Europe,Andorra,2008,0,0,0,0,0
Europe,Andorra,2009,0,0,0,0,0
Europe,Andorra,2010,0.01,0,0,0,0
Europe,Andorra,2011,7.59,2.91,0.03,4.09,0.49
Europe,Andorra,2012,8.47,3.14,0.25,3.95,0.92
Europe,Andorra,2013,8.61,3.39,0.21,4.23,0.89
Africa,Angola,2000,12.23,2.73,4.47,4.75,0.37
Africa,Angola,2001,14.22,2.38,4.59,6.06,0.77
Africa,Angola,2002,16.35,2.98,5.71,8.32,0.35
Africa,Angola,2003,11.29,6.09,0,0.95,3.99
Africa,Angola,2004,10.25,5.21,0.01,0.77,4.37
Africa,Angola,2005,10.08,4.79,0.01,1.55,3.71
Africa,Angola,2006,4.99,3.09,0,1.79,0.14
Africa,Angola,2007,7.24,4.88,0.11,2.08,0.12
Africa,Angola,2008,6.66,4.37,0.15,1.93,0.14
Africa,Angola,2009,1.23,0.73,0.38,0.02,0.12
Africa,Angola,2010,1.12,0.55,0.3,0.1,0.17
Africa,Angola,2011,0.17,0.17,0.23,0,0.22
Africa,Angola,2012,0.73,0.36,0,0.36,0
Africa,Angola,2013,0.28,0.11,0,0.1,0.02
Africa,Angola,2014,2.37,1.7,0,0.57,0.06
Americas,Antigua and Barbuda,2000,3.77,2.78,0.01,0.71,0.25
Americas,Antigua and Barbuda,2001,3.78,2.73,0.04,0.83,0.22
Americas,Antigua and Barbuda,2002,4.14,2.87,0,0.86,0.33
Americas,Antigua and Barbuda,2003,5.13,3.8,0.14,0.64,0.6
Americas,Antigua and Barbuda,2004,4.12,3.28,0.13,0.55,0.39
Americas,Antigua and Barbuda,2005,5.51,2.39,2.06,0.82,0.53
Americas,Antigua and Barbuda,2006,6.56,2.22,1.18,2.13,1.86
Americas,Antigua and Barbuda,2007,7.13,3.34,0.01,3.49,0.31
Americas,Antigua and Barbuda,2008,7.1,3.56,0.03,3.09,0.5
Americas,Antigua and Barbuda,2009,7.58,4.49,0.03,2.63,0.4
Americas,Antigua and Barbuda,2010,0.47,0.2,0.4,0.23,0.03
Americas,Antigua and Barbuda,2011,0.67,0.5,0,0.11,0.02
Americas,Antigua and Barbuda,2012,0.97,0.85,0.01,0.05,0.01
Americas,Antigua and Barbuda,2013,10.96,3.52,0,5.29,2.93
Americas,Antigua and Barbuda,2014,10.93,4.03,0.05,4.84,1.73
Americas,Argentina,2000,12.03,4.31,0.06,4.78,2.86
Americas,Argentina,2001,4.54,0.42,3.89,0.17,0.07
Americas,Argentina,2002,4.55,0.46,3.84,0.14,0.07
Americas,Argentina,2003,6.61,1.46,3.63,0,0.1
Americas,Argentina,2004,5.54,1.19,4.51,0,0.01
Americas,Argentina,2005,4.16,1.59,2.68,0,0
Americas,Argentina,2006,3.12,0.63,2.23,0.04,0.34
Americas,Argentina,2007,2.69,0.66,1.75,0.02,0.14
Americas,Argentina,2008,3.15,0.82,2.11,0.01,0.27
Americas,Argentina,2009,4.19,1.9,0.01,0.51,1.39
Americas,Argentina,2010,4.45,2.2,0,0.48,1.89
Americas,Argentina,2011,1.43,0.25,0,1.17,0
Americas,Argentina,2012,2.08,0.89,0,1.18,0.01
Americas,Argentina,2013,3.91,2.07,0,0,0.02
Americas,Argentina,2014,5.03,2.1,2.22,0,0.08
Europe,Armenia,2000,6.15,2.53,3.1,0,0.08
Europe,Armenia,2001,7.7,4.2,0,2.1,1.4
Europe,Armenia,2002,8.3,4.2,0.2,2.1,1.8
Europe,Armenia,2003,8.2,3.9,0.2,2.1,2
Europe,Armenia,2004,1.49,0.28,1.15,0.04,0.02
Europe,Armenia,2005,1.52,0.32,1.17,0.02,0.01
Europe,Armenia,2006,0.3,0.18,0.11,0,0
Europe,Armenia,2007,0.41,0.23,0.15,0.02,0
Europe,Armenia,2008,0.56,0.38,0.12,0.04,0.02
Europe,Armenia,2009,6.06,1.76,0.01,1.9,2.38
Europe,Armenia,2010,7.39,2.34,0,2.22,2.22
Europe,Armenia,2011,6.76,2.48,0.23,1.83,2.67
Europe,Armenia,2012,2.91,0.97,0,1.8,0.14
Europe,Armenia,2013,3.88,1.48,0,2.31,0.06
Europe,Armenia,2014,5.74,1.82,0,3.7,0.22
Western Pacific,Australia,2000,4.45,2.73,0.03,1.65,0.02
Western Pacific,Australia,2001,4.66,3.18,0.02,1.41,0.04
Western Pacific,Australia,2002,4.44,3.05,0.02,1.31,0.05
Western Pacific,Australia,2003,0.08,0.02,0,0.04,0.03
Western Pacific,Australia,2004,0.16,0.05,0,0.07,0.02
Western Pacific,Australia,2005,2.26,1.6,0,0.43,0.05
Western Pacific,Australia,2006,2.03,1.54,0,0.26,0.32
Western Pacific,Australia,2007,3.53,2.9,0,0.35,0.27
Western Pacific,Australia,2008,7.53,2.46,0,3.8,0.22
Western Pacific,Australia,2009,8.07,2.36,0,4.42,1.64
Western Pacific,Australia,2010,4.29,2.25,0,1.91,0.18
Western Pacific,Australia,2011,4.15,2.32,0.04,1.62,0.17
Western Pacific,Australia,2012,3.41,2.07,0.04,1.09,0.19
Western Pacific,Australia,2013,13.15,5.2,0.04,1.82,5.82
Western Pacific,Australia,2014,11.83,4.99,0.38,1.27,5.1
Europe,Austria,2000,12.19,4.7,0.39,1.2,6.05
Europe,Austria,2001,4.04,1.31,0,2.69,0.04
Europe,Austria,2002,4.17,1.56,0.03,2.53,0.05
Europe,Austria,2003,4.14,1.63,0.02,2.43,0.09
Europe,Austria,2004,10.16,3.71,0,3.97,2.52
Europe,Austria,2005,11.47,3.58,0,4.97,2.79
Europe,Austria,2006,10.69,3.53,0,4.6,2.67
Europe,Austria,2007,13.47,7.64,0,3.97,1.84
Europe,Austria,2008,13.43,7.03,0,3.9,2.3
Europe,Austria,2009,12.71,6.96,0,3.14,2.56
Europe,Austria,2010,3.08,0.2,0,2.88,0
Europe,Austria,2011,3.13,0.18,0,2.94,0
Europe,Austria,2012,3.61,0.09,0,3.52,0
Europe,Austria,2013,1.83,0.27,1.54,0.01,0
Europe,Austria,2014,2.09,0.55,1.23,0.08,0.02
Europe,Azerbaijan,2000,11.56,5.57,0,1.39,4.53
Europe,Azerbaijan,2001,11.02,4.92,0.07,1.69,4.44
Europe,Azerbaijan,2002,10.47,3.81,0.1,1.51,4.92
Europe,Azerbaijan,2003,0.95,0.22,0,0.67,0.03
Europe,Azerbaijan,2004,1.02,0.2,0.03,0.75,0.08
Europe,Azerbaijan,2005,0.39,0.12,0,0.19,0.05
Europe,Azerbaijan,2006,8.74,1,0.04,6.82,1.08
Europe,Azerbaijan,2007,8.62,0.77,0.03,7.11,0.86
Europe,Azerbaijan,2008,5.46,0.11,0.09,4.79,0.74
Europe,Azerbaijan,2009,5.16,2.04,0.05,2.94,0.16
Europe,Azerbaijan,2010,6.05,3.19,0.07,2.65,0.15
Europe,Azerbaijan,2011,5.92,3.35,0.06,2.29,0.2
Europe,Azerbaijan,2012,3.65,1.81,0.01,1.77,0.05
Europe,Azerbaijan,2013,3.52,2.1,0.01,1.36,0.04
Americas,Bahamas,2000,3.99,2.78,0.02,1.15,0.05
Americas,Bahamas,2001,0.14,0.06,0,0.06,0.01
Americas,Bahamas,2002,0.18,0.11,0,0.05,0.02
Americas,Bahamas,2003,0.22,0.14,0,0.07,0.02
Americas,Bahamas,2004,2.88,1.12,0,1.75,0.04
Americas,Bahamas,2005,2.77,1.06,0,1.67,0.03
Americas,Bahamas,2006,2.37,1.01,0,1.32,0.04
Americas,Bahamas,2007,5.07,0.81,0,0,3.77
Americas,Bahamas,2008,7.28,3.41,0,0,4.06
Americas,Bahamas,2009,10.99,7.47,0,0,3.67
Americas,Bahamas,2010,0.83,0.43,0.38,0.02,0
Americas,Bahamas,2011,1.23,0.38,0.85,0,0
Americas,Bahamas,2012,11.48,4.99,1.32,4.37,0
Americas,Bahamas,2013,17.87,6.5,2.06,7.87,1.5
Americas,Bahamas,2014,0.85,0.2,0.61,0.03,0.01
Eastern Mediterranean,Bahrain,2000,1.22,0.34,0.8,0.07,0.01
Eastern Mediterranean,Bahrain,2001,1.32,0.35,0.91,0.05,0
Eastern Mediterranean,Bahrain,2002,1.85,1.67,0,0.16,0.11
Eastern Mediterranean,Bahrain,2003,2.09,1.36,0,0.71,0.02
Eastern Mediterranean,Bahrain,2004,8.94,4.37,1.06,2.32,1.07
Eastern Mediterranean,Bahrain,2005,10.15,4.57,1.17,2.86,1.47
Eastern Mediterranean,Bahrain,2006,9.81,4.61,1.21,2.25,1.7
Eastern Mediterranean,Bahrain,2007,13.89,2.15,0.56,2.77,8.59
Eastern Mediterranean,Bahrain,2008,12.4,2.4,0.2,2.7,7.1
Eastern Mediterranean,Bahrain,2009,11.8,2.1,0.2,2.6,6.6
Eastern Mediterranean,Bahrain,2010,9.29,6.05,0,1.69,1.52
Eastern Mediterranean,Bahrain,2011,8.01,5.55,0.02,1.46,0.85
Eastern Mediterranean,Bahrain,2012,8.9,5.79,0.04,1.94,1.17
Eastern Mediterranean,Bahrain,2013,2.08,0.2,1.82,0.01,0.02
Eastern Mediterranean,Bahrain,2014,2.64,0.24,2.29,0.05,0.03
South-East Asia,Bangladesh,2000,3.28,0.41,0,1.3,0.02
South-East Asia,Bangladesh,2001,4.7,0.78,0,1.91,1.27
South-East Asia,Bangladesh,2002,7.24,1.36,0,2.11,3.79
South-East Asia,Bangladesh,2003,12.91,7.16,0,2.57,2.5
South-East Asia,Bangladesh,2004,11.67,6.42,0,2.22,3.06
South-East Asia,Bangladesh,2005,11.2,6.01,0,2.08,3.01
South-East Asia,Bangladesh,2006,1.6,0.41,1.03,0.12,3.1
South-East Asia,Bangladesh,2007,1.5,0.43,0.97,0.03,0.08
South-East Asia,Bangladesh,2008,1.69,0.48,0.99,0.04,0.12
South-East Asia,Bangladesh,2009,9.46,2.25,0.01,2.62,3.14
South-East Asia,Bangladesh,2010,9.51,2.42,0.14,2.23,4.88
South-East Asia,Bangladesh,2011,7.46,2.11,0.07,1.49,4.54
South-East Asia,Bangladesh,2012,9.75,3.73,0.01,5.6,0.32
South-East Asia,Bangladesh,2013,8.92,3.86,0.31,4.26,0.47
Americas,Barbados,2000,8.25,3.58,0.23,3.94,0.42
Americas,Barbados,2001,2.45,1.11,0,1.31,0.03
Americas,Barbados,2002,2.21,0.94,0.01,1.24,0.04
Americas,Barbados,2003,1.93,0.98,0.01,0.9,0.04
Americas,Barbados,2004,0.18,0.16,0,0,0.04
Americas,Barbados,2005,0.21,0.17,0,0.01,0.02
Americas,Barbados,2006,2.55,0.37,1.13,0.6,0.58
Americas,Barbados,2007,3.22,0.38,1.9,0.52,0.6
Americas,Barbados,2008,3.57,0.5,1.64,0.53,0.69
Americas,Barbados,2009,7.84,1.33,0.03,6.46,0.02
Americas,Barbados,2010,7.49,1.65,0.03,5.79,0.02
Americas,Barbados,2011,7.64,1.92,0.03,5.66,0.02
Americas,Barbados,2012,6.1,0.01,0,6.08,0.01
Americas,Barbados,2013,5.85,0.01,0,5.83,0.01
Americas,Barbados,2014,2.61,1.34,0,1.23,0.02
Europe,Belarus,2000,3.23,1.27,0,1.92,0.02
Europe,Belarus,2001,3.1,1.36,0,1.71,0.02
Europe,Belarus,2002,12.22,4.3,0,3.84,0.03
Europe,Belarus,2003,12.94,4.3,0,4.14,4.66
Europe,Belarus,2004,10.78,3.91,0,3.7,3.21
Europe,Belarus,2005,6.37,3.12,0.05,1.68,1.38
Europe,Belarus,2006,7.2,3.78,0.09,1.36,1.95
Europe,Belarus,2007,8.13,4.89,0.12,0.8,2.26
Europe,Belarus,2008,1,0.07,0,0.92,0
Europe,Belarus,2009,1.37,0.11,0,1.25,0.02
Europe,Belarus,2010,3,0.18,0,2.82,0
Europe,Belarus,2011,0.06,0.06,0,0,0
Europe,Belarus,2012,0.06,0.06,0,0,0
Europe,Belarus,2013,0.08,0.06,0,0.01,0
Europe,Belarus,2014,0,0,0,0,0
Europe,Belgium,2000,0.02,0,0,0.02,0
Europe,Belgium,2001,0.03,0,0,0.03,0
Europe,Belgium,2002,0.32,0.3,0,0.02,0
Europe,Belgium,2003,0.2,0.15,0,0.04,0
Europe,Belgium,2004,14.17,7.67,1.18,3.15,1.97
Europe,Belgium,2005,13.59,6.74,1.2,2.73,2.77
Europe,Belgium,2006,11.49,5.37,0.89,2.3,3.02
Europe,Belgium,2007,2.47,0.92,0,1.32,0.19
Europe,Belgium,2008,2.33,0.97,0.05,1.15,0.18
Europe,Belgium,2009,2.78,1.28,0.05,1.26,0.18
Europe,Belgium,2010,9.25,1.64,0,1.07,6.93
Europe,Belgium,2011,8.37,1.81,0,0.84,5.7
Europe,Belgium,2012,7.49,1.7,0,0.79,4.45
Europe,Belgium,2013,3.76,1.74,0,1.9,0.12
Europe,Belgium,2014,3.64,1.65,0.3,1.51,0.15
Americas,Belize,2000,3.65,1.35,0.27,1.88,0.13
Americas,Belize,2001,7.87,1.97,2.48,3.14,0.28
Americas,Belize,2002,7.29,1.63,2,3.41,0.26
Americas,Belize,2003,7.39,1.37,1.51,4.13,0.33
Americas,Belize,2004,0.54,0.13,0,0.39,0.01
Americas,Belize,2005,0.61,0.19,0.01,0.4,0.01
Americas,Belize,2006,0.4,0.05,0.01,0.33,0.01
Americas,Belize,2007,6.58,1.37,0,4.67,0.29
Americas,Belize,2008,7.6,2.88,0,4.45,0.33
Americas,Belize,2009,6.48,2,0,4.14,0.45
Americas,Belize,2010,1.49,0.66,0.45,0.47,0.02
Americas,Belize,2011,1.71,0.94,0.2,0.44,0.03
Americas,Belize,2012,1.84,0.95,0.5,0.39,0.03
Americas,Belize,2013,0.48,0.4,0.01,0.03,0
Americas,Belize,2014,0.54,0.42,0,0.05,0.02
Africa,Benin,2000,0.01,0,0,0.01,0
Africa,Benin,2001,0.03,0,0,0.01,0
Africa,Benin,2002,2.13,0.01,0.02,1.76,0
Africa,Benin,2003,2.81,0.59,0.01,2.08,0.11
Africa,Benin,2004,2.73,0.56,0.01,2,0.1
Africa,Benin,2005,3.41,1.01,0,2.3,0
Africa,Benin,2006,5.1,1.74,0,3.08,0
Africa,Benin,2007,6.68,1.97,0.14,3.04,1.6
Africa,Benin,2008,10.4,3.8,0.78,4.48,0.94
Africa,Benin,2009,10.14,4.57,0.56,3.59,1.1
Africa,Benin,2010,1.98,0.44,0,0.95,0.64
Africa,Benin,2011,1.72,0.38,0.02,0.79,0.66
South-East Asia,Bhutan,2000,1.53,0.35,0.02,0.83,0.31
South-East Asia,Bhutan,2001,2.95,1.57,1.12,0.35,0.04
South-East Asia,Bhutan,2002,2.69,1.23,0.83,0.55,0
South-East Asia,Bhutan,2003,4.46,1.5,0,4.29,0.01
South-East Asia,Bhutan,2004,4.19,0.25,0,3.89,0
South-East Asia,Bhutan,2005,3.64,0.34,0.01,3.28,0.01
South-East Asia,Bhutan,2006,0.01,0,0,0.01,0
South-East Asia,Bhutan,2007,0.01,0,0,0.01,0
South-East Asia,Bhutan,2008,10.2,3.78,0.64,3.67,2.1
South-East Asia,Bhutan,2009,12.7,5.8,0.8,4.5,1.4
South-East Asia,Bhutan,2010,12.66,6,1.97,4.21,1
South-East Asia,Bhutan,2011,12.89,4.62,0,2.66,5.88
Americas,Bolivia (Plurinational State of),2000,11.98,4.36,0,2.46,5.07
Americas,Bolivia (Plurinational State of),2001,11.5,4.11,0,2.33,4.86
Americas,Bolivia (Plurinational State of),2002,1.05,0.4,0,0.52,0.13
Americas,Bolivia (Plurinational State of),2003,0.68,0.34,0,0.17,0.15
Americas,Bolivia (Plurinational State of),2004,0.97,0.53,0,0.3,0.17
Americas,Bolivia (Plurinational State of),2005,1.1,0.15,0.69,0.25,0.01
Americas,Bolivia (Plurinational State of),2006,1.18,0.14,0.85,0.19,0.01
Americas,Bolivia (Plurinational State of),2007,0.54,0.15,0,0.08,0.02
Americas,Bolivia (Plurinational State of),2008,0.46,0.41,0,0.08,0.01
Americas,Bolivia (Plurinational State of),2009,0.49,0.37,0,0.1,0
Americas,Bolivia (Plurinational State of),2010,1.83,0.39,0,1.29,0.01
Americas,Bolivia (Plurinational State of),2011,1.47,0.56,0,0.77,0.36
Americas,Bolivia (Plurinational State of),2012,1.83,0.46,0,0.88,0.33
Americas,Bolivia (Plurinational State of),2013,0.54,0.07,0.46,0.01,0.05
Americas,Bolivia (Plurinational State of),2014,0.57,0.07,0.48,0.02,0
Europe,Bosnia and Herzegovina,2000,5.62,2.83,0,1.75,0.97
Europe,Bosnia and Herzegovina,2001,8.84,1.7,0.3,1.49,2.96
Europe,Bosnia and Herzegovina,2002,6.91,2.89,0.31,1.75,3.1
Europe,Bosnia and Herzegovina,2003,0.01,0,0,0.01,0.01
Europe,Bosnia and Herzegovina,2004,0.01,0,0,0.01,0
Europe,Bosnia and Herzegovina,2005,0.01,0,0.01,0,0
Europe,Bosnia and Herzegovina,2006,4.16,2,0,1.87,0.27
Europe,Bosnia and Herzegovina,2007,2.83,1.57,0,0.58,0.35
Europe,Bosnia and Herzegovina,2008,4.77,3.65,0.03,1.07,0.06
Europe,Bosnia and Herzegovina,2009,5.35,3.94,0.05,1.08,0.09
Europe,Bosnia and Herzegovina,2010,5.29,4,0.05,1.13,0.12
Europe,Bosnia and Herzegovina,2011,2.78,2.14,0,0.07,0.02
Europe,Bosnia and Herzegovina,2012,1.64,1.49,0,0.78,0.09
Europe,Bosnia and Herzegovina,2013,2.98,0.86,0,0.56,0.47
Europe,Bosnia and Herzegovina,2014,2.43,0.61,0,1.15,0.05
Africa,Botswana,2000,3.79,0.3,0,2.61,0.15
Africa,Botswana,2001,4.98,1.6,0.21,2.35,2.85
Africa,Botswana,2002,0.45,0.73,0,0.05,3.18
Africa,Botswana,2003,0.47,0.22,0,0.06,0.28
Africa,Botswana,2004,0.56,0.24,0,0.09,0.29
Africa,Botswana,2005,1.14,0.18,0.03,0.52,0.21
Africa,Botswana,2006,1.23,0.45,0.03,0.6,0.08
Africa,Botswana,2007,0.96,0.59,0.06,0.19,0.11
Africa,Botswana,2008,0.38,0.75,0,0.28,0
Africa,Botswana,2009,0.28,0.13,0,0.16,0
Africa,Botswana,2010,0.33,0.13,0,0.17,0
Africa,Botswana,2011,5.09,3.6,0.47,0.75,0.52
Americas,Brazil,2000,5.12,3.36,0.31,0.78,0.24
Americas,Brazil,2001,3.21,7.16,0,0,0.06
Americas,Brazil,2002,0.96,0.79,0,0,0.09
Americas,Brazil,2003,1.1,0.94,0,0,0.02
Americas,Brazil,2004,0.21,0.08,0,0.13,0
Americas,Brazil,2005,0.22,0.08,0,0.12,0
Americas,Brazil,2006,10.06,0.13,0,2.06,0
Americas,Brazil,2007,9.69,4.81,0,1.59,3.1
Americas,Brazil,2008,9.33,4.75,0,1.58,3.28
Americas,Brazil,2009,8.75,4.2,0.62,1.29,2.57
Americas,Brazil,2010,9.34,4.11,0.91,1.35,3.04
Americas,Brazil,2011,9.47,3.78,1.23,1.53,3.26
Americas,Brazil,2012,3.61,3.34,0,2.54,2.92
Americas,Brazil,2013,3.7,1.09,0,2.55,0.01
Americas,Brazil,2014,3.38,1.38,0,2.03,0.01
Western Pacific,Brunei Darussalam,2000,0.1,1.35,0.01,0.02,0.02
Western Pacific,Brunei Darussalam,2001,0.11,0.05,0.01,0.03,0.01
Western Pacific,Brunei Darussalam,2002,0.12,0.05,0.01,0.05,0.01
Western Pacific,Brunei Darussalam,2003,9.75,0.45,9.21,0.02,0
Western Pacific,Brunei Darussalam,2004,9.3,0.6,8.57,0.03,0.04
Western Pacific,Brunei Darussalam,2005,8.3,0.74,7.43,0.06,0.05
Western Pacific,Brunei Darussalam,2006,8.71,1.32,0,1.82,0.11
Western Pacific,Brunei Darussalam,2007,7.06,2.1,0,3.6,0.12
Western Pacific,Brunei Darussalam,2008,5.89,2.93,0.07,1.12,1.6
Western Pacific,Brunei Darussalam,2009,6.6,2.98,0.12,1.35,2.05
Western Pacific,Brunei Darussalam,2010,6.21,2.91,0.14,1.11,2.39
Western Pacific,Brunei Darussalam,2011,0.55,2.57,0,0.27,0
Europe,Bulgaria,2000,0.58,0.21,0,0.35,0.01
Europe,Bulgaria,2001,0.54,0.23,0,0.31,0.03
Europe,Bulgaria,2002,0.01,0.18,0.01,0,0
Europe,Bulgaria,2003,0.03,0,0,0.03,0
Europe,Bulgaria,2004,0.04,0,0.01,0.03,0
Europe,Bulgaria,2005,5.52,3.41,0.01,2.03,0.11
Europe,Bulgaria,2006,6.16,3.59,0.02,1.75,0.18
Europe,Bulgaria,2007,6.95,4.82,0.02,1.7,0.24
Europe,Bulgaria,2008,0.61,0.59,0,0.01,0.01
Europe,Bulgaria,2009,0.71,0.81,0,0.02,0.02
Europe,Bulgaria,2010,6.78,0.76,0.04,2.02,0.02
Europe,Bulgaria,2011,6.38,3.67,0.14,1.77,0.89
Europe,Bulgaria,2012,5.65,2.4,0.07,1.88,1.31
Europe,Bulgaria,2013,4.22,2.57,0,2.21,0.23
Europe,Bulgaria,2014,4.22,1.66,0,1.73,0.42
Africa,Burkina Faso,2000,4.83,2.71,0,1.64,0.36
Africa,Burkina Faso,2001,4.42,1.18,0,3.29,0.01
Africa,Burkina Faso,2002,4.19,1.29,0,2.97,0.01
Africa,Burkina Faso,2003,5.02,1.32,0.03,3.7,0.01
Africa,Burkina Faso,2004,8.02,4.14,0,2.07,1.56
Africa,Burkina Faso,2005,10.9,5.3,0,3.5,1.3
Africa,Burkina Faso,2006,10.81,5.88,0,3.53,0.94
Africa,Burkina Faso,2007,12,3.75,0.35,1.59,6.65
Africa,Burkina Faso,2008,12.57,3.75,0.5,1.06,7.79
Africa,Burkina Faso,2009,11.96,3.37,0.41,0.85,7.45
Africa,Burkina Faso,2010,0.87,0.09,0,0.61,0.05
Africa,Burkina Faso,2011,1.24,0.35,0.01,0.73,0.17
Africa,Burkina Faso,2012,1.13,0.33,0.01,0.68,0.13
Africa,Burkina Faso,2013,9.55,2.23,6.58,0.52,0.04
Africa,Burundi,2000,9.05,1.89,6.15,0.37,0.14
Africa,Burundi,2001,9.56,1.88,7.04,0.38,0.13
Africa,Burundi,2002,8.15,0.64,0,4.19,2
Africa,Burundi,2003,9.07,1.88,0.3,3.8,3.06
Africa,Burundi,2004,10.49,2.11,0.23,3.27,4.89
Africa,Burundi,2005,8.78,3.12,0,1.82,3.92
Africa,Burundi,2006,11.9,4.62,0,2.9,3.3
Africa,Burundi,2007,9.59,4.7,0,1.41,2.98
Africa,Burundi,2008,11.5,2.92,0,7.09,0.9
Africa,Burundi,2009,11.21,4.71,0,5.77,1.26
Africa,Burundi,2010,10.12,4.2,0.23,4.57,1.11
Africa,Burundi,2011,6.75,0.58,6.26,0.03,0
Africa,Côte d'Ivoire,2000,7.11,0.65,6.37,0.03,0
Africa,Côte d'Ivoire,2001,8.29,3.62,0.01,4.88,0.39
Africa,Côte d'Ivoire,2002,10.13,3.85,0.26,5.46,0.35
Africa,Côte d'Ivoire,2003,8.47,3.79,0.17,4.04,0.31
Africa,Côte d'Ivoire,2004,11.85,3.22,0.06,7.91,1.18
Africa,Côte d'Ivoire,2005,12.68,3.57,0.89,6.56,1.68
Africa,Côte d'Ivoire,2006,9.99,3.28,0.51,5.03,1.3
Africa,Côte d'Ivoire,2007,4.94,1.96,0.01,2.82,0.07
Africa,Côte d'Ivoire,2008,5.89,2.43,0.13,3,0.27
Africa,Côte d'Ivoire,2009,6.93,2.32,0.12,4.14,0.3
Africa,Côte d'Ivoire,2010,3.3,2.85,3,0.22,0.02
Africa,Côte d'Ivoire,2011,3.85,3.31,3,0.17,0.09
Africa,Côte d'Ivoire,2012,5.07,2.57,0,0.64,0.09
Africa,Côte d'Ivoire,2013,5.27,1.14,0,0.74,3.91
Africa,Cabo Verde,2000,5.58,0.94,0,0.52,2.67
Africa,Cabo Verde,2001,0.05,0,0,0.05,0
Africa,Cabo Verde,2002,0.09,0,0,0.08,0.01
Africa,Cabo Verde,2003,0.09,0,0,0.09,0
Africa,Cabo Verde,2004,0.33,0.16,0,0.03,0.18
Africa,Cabo Verde,2005,0.28,0.16,0,0.03,0.12
Africa,Cabo Verde,2006,0.26,0.15,0,0.03,0.11
Africa,Cabo Verde,2007,7.25,3.65,0,2.64,1.51
Africa,Cabo Verde,2008,9.54,3.62,0.21,2.12,3.38
Africa,Cabo Verde,2009,9.16,2.93,0.21,2.1,4.18
Africa,Cabo Verde,2010,7.41,6.14,0,0.83,3.72
Africa,Cabo Verde,2011,6.33,4.59,0,0.33,1.9
Western Pacific,Cambodia,2000,4.21,4.9,4.08,0,0
Western Pacific,Cambodia,2001,3.8,0.14,3.63,0.01,0.01
Western Pacific,Cambodia,2002,3.78,0.19,3.54,0.02,0.03
Western Pacific,Cambodia,2003,1.45,1.47,0.03,0.17,0.15
Western Pacific,Cambodia,2004,1.73,1.13,0.03,0.25,0.23
Western Pacific,Cambodia,2005,1.83,1.34,0.03,0.25,0.28
Western Pacific,Cambodia,2006,9.85,4.32,0.36,3.65,1.59
Western Pacific,Cambodia,2007,11.37,3.82,0.5,5.54,1.43
Western Pacific,Cambodia,2008,9.89,3.53,0.59,4.12,1.65
Western Pacific,Cambodia,2009,11.58,4.65,0,1.58,3.28
Western Pacific,Cambodia,2010,10.94,5.7,0,1.2,4.08
Western Pacific,Cambodia,2011,9.53,4.94,0,0.89,5.5
Africa,Cameroon,2000,1.18,0.44,0,0.43,0.01
Africa,Cameroon,2001,1.09,0.93,0.05,0.04,0.03
Africa,Cameroon,2002,0,0.92,0,0,0
Africa,Cameroon,2003,0,0,0,0,0
Africa,Cameroon,2004,0,0,0,0,0
Africa,Cameroon,2005,6.96,3.72,0.76,1.11,1.27
Africa,Cameroon,2006,7.6,3.97,1.36,1.22,1.37
Africa,Cameroon,2007,7.38,4.55,1,0.57,1.28
Africa,Cameroon,2008,11.96,4.17,0.65,3.02,3.74
Africa,Cameroon,2009,9.99,5.09,0.19,2.73,2.23
Africa,Cameroon,2010,1.45,4.42,0,1.34,2.07
Africa,Cameroon,2011,1.97,0.15,0.04,1.63,0
Americas,Canada,2000,2.31,0.2,0.04,1.97,0
Americas,Canada,2001,1.76,0.39,1.5,0.26,0.01
Americas,Canada,2002,1.55,0,1.28,0.27,0
Americas,Canada,2003,1.77,0.12,1.32,0.29,0
Americas,Canada,2004,4.53,1.72,0,2.78,0.09
Americas,Canada,2005,4.94,1.64,0.15,2.63,0.18
Americas,Canada,2006,6.02,2.04,0.22,3.51,0.11
Americas,Canada,2007,5.65,1.57,3.52,0.42,0.16
Americas,Canada,2008,4.87,1.65,3.35,0.02,0.04
Americas,Canada,2009,6.6,1.67,0,1.4,2.2
Americas,Canada,2010,6.5,2.6,0.1,1,2.9
Americas,Canada,2011,7.4,2.7,0,1.1,3.4
Americas,Canada,2012,11.12,2.7,0.12,1.93,5.81
Americas,Canada,2013,10.24,3.24,0.12,1.9,5.14
Americas,Canada,2014,9.99,3.3,0.12,1.88,4.94
Africa,Central African Republic,2000,1.29,3.16,0,0.9,0.47
Africa,Central African Republic,2001,0.97,0.05,0,0.54,0.32
Africa,Central African Republic,2002,0.76,0.06,0,0.45,0.27
Africa,Central African Republic,2003,0.38,0.02,0,0.3,0.08
Africa,Central African Republic,2004,0.3,0.08,0,0.26,0.01
Africa,Central African Republic,2005,5.93,1.13,0,4.61,0.02
Africa,Central African Republic,2006,6.2,1.7,0.01,4.17,0.02
Africa,Central African Republic,2007,6.56,1.59,0.01,4.83,0.03
Africa,Central African Republic,2008,2.53,0.46,0,0.97,0.88
Africa,Central African Republic,2009,1.75,0.85,0,0.49,0.36
Africa,Central African Republic,2010,1.23,0.75,0,0.39,0.23
Africa,Central African Republic,2011,0.48,0.42,0,0.04,0.03
Africa,Chad,2000,0.05,0.34,0,0.01,0.02
Africa,Chad,2001,1.1,0.03,0.3,0.24,0.09
Africa,Chad,2002,1.14,0.47,0.28,0.06,0.32
Africa,Chad,2003,1.21,0.67,0.28,0.02,0.25
Africa,Chad,2004,1.79,0.66,0.13,0.55,0.08
Africa,Chad,2005,1.1,0.87,0,0.36,0.16
Africa,Chad,2006,4.55,0.53,0,2.43,0.09
Africa,Chad,2007,6.35,2.96,0.12,2.91,0.13
Africa,Chad,2008,6.5,3.32,0.1,2.76,0.13
Africa,Chad,2009,1.19,3.71,0,0.04,0.37
Africa,Chad,2010,1.46,0.82,0,0.06,0.45
Africa,Chad,2011,1.29,0.96,0,0.06,0.35
Africa,Chad,2012,1.49,0.95,0,0.69,0.05
Africa,Chad,2013,1.29,0.81,0,0.47,0.06
Americas,Chile,2000,1.53,0.84,0,0.5,0.13
Americas,Chile,2001,2.35,0.83,0,1.28,1.52
Americas,Chile,2002,2.71,0.19,0,1.24,1.37
Americas,Chile,2003,2.55,0.25,0,1.31,0.81
Americas,Chile,2004,1.98,0.81,0,0.73,0.06
Americas,Chile,2005,1.37,0.04,0,0.37,0.17
Americas,Chile,2006,1.34,0.06,0,0.06,0.55
Americas,Chile,2007,9.89,0.43,9.26,0.2,0
Americas,Chile,2008,9.63,0.57,8.83,0.16,0
Americas,Chile,2009,4.89,1.28,0,2.45,0.47
Americas,Chile,2010,8.86,2.67,0.22,4.32,0.69
Americas,Chile,2011,8.44,3.36,0.24,4.19,0.73
Americas,Chile,2012,1.72,0.51,0,1.12,0.07
Americas,Chile,2013,1.69,0.41,0.01,1.28,0.13
Americas,Chile,2014,1.75,0.19,0.01,1.44,0.11
Western Pacific,China,2000,11.44,4.98,0.61,2.32,3.22
Western Pacific,China,2001,11.84,4.85,0.8,2.35,3.9
Western Pacific,China,2002,10.42,3.76,0.84,2.16,3.95
Western Pacific,China,2003,4.09,3.49,3.5,0.09,0
Western Pacific,China,2004,4.07,0.51,3.27,0.15,0.01
Western Pacific,China,2005,4.04,0.69,3.22,0.1,0.01
Western Pacific,China,2006,8.33,4.62,0,2.42,1.17
Western Pacific,China,2007,8.74,4.5,0,2.76,1.4
Western Pacific,China,2008,8.82,4.31,0,2.95,1.55
Western Pacific,China,2009,5.86,1.37,0,0.73,4.36
Western Pacific,China,2010,6.67,1.35,0,0.91,4.19
Western Pacific,China,2011,5.77,1.9,0,0.57,3.43
Western Pacific,China,2012,1.47,0.25,0,0.97,0.33
Western Pacific,China,2013,2.15,0.28,0,1.66,0.19
Western Pacific,China,2014,1.21,0.65,0,0.51,0.13
Americas,Colombia,2000,0.88,0.51,0,0.19,0.17
Americas,Colombia,2001,0.91,0.33,0,0.38,0.23
Americas,Colombia,2002,6.3,6,0,1.87,0.06
Americas,Colombia,2003,8.18,6.35,0.05,1.7,0.11
Americas,Colombia,2004,6.71,5,0.08,1.68,0.1
Americas,Colombia,2005,2.19,0.83,0,1.05,0.01
Americas,Colombia,2006,3.58,1.16,0,2.12,0.01
Americas,Colombia,2007,4,1.94,0,1.81,0.02
Americas,Colombia,2008,0.04,0.08,0,0,0
Americas,Colombia,2009,0.04,0.04,0,0,0
Americas,Colombia,2010,0.04,0.03,0,0,0
Americas,Colombia,2011,2.46,0.49,1.68,0.27,0.01
Americas,Colombia,2012,2.3,0.45,1.41,0.35,0.04
Americas,Colombia,2013,1.68,0.86,0.79,0.19,0.07
Americas,Colombia,2014,4.14,0.88,3.11,0.06,0.2
Africa,Comoros,2000,5.21,1.47,3.1,0.34,0.08
Africa,Comoros,2001,,2.12,,,0.05
Africa,Comoros,2002,,,,,
Africa,Comoros,2003,,,,,
Africa,Comoros,2004,,,,,
Africa,Comoros,2005,,,,,
Africa,Comoros,2006,,,,,
Africa,Comoros,2007,,,,,
Africa,Comoros,2008,,,,,
Africa,Comoros,2009,,,,,
Africa,Comoros,2010,,,,,
Africa,Comoros,2011,,,,,
Africa,Congo,2000,,,,,
Africa,Congo,2001,,,,,
Africa,Congo,2002,,,,,
Africa,Congo,2003,,,,,
Africa,Congo,2004,,,,,
Africa,Congo,2005,,,,,
Africa,Congo,2006,,,,,
Africa,Congo,2007,,,,,
Africa,Congo,2008,,,,,
Africa,Congo,2009,,,,,
Africa,Congo,2010,,,,,
Africa,Congo,2011,,,,,
Western Pacific,Cook Islands,2000,,,,,
Western Pacific,Cook Islands,2001,,,,,
Western Pacific,Cook Islands,2002,,,,,
Western Pacific,Cook Islands,2003,,,,,
Western Pacific,Cook Islands,2004,,,,,
Western Pacific,Cook Islands,2005,,,,,
Western Pacific,Cook Islands,2006,,,,,
Western Pacific,Cook Islands,2007,,,,,
Western Pacific,Cook Islands,2008,,,,,
Western Pacific,Cook Islands,2009,,,,,
Western Pacific,Cook Islands,2010,,,,,
Western Pacific,Cook Islands,2011,,,,,
Americas,Costa Rica,2000,,,,,
Americas,Costa Rica,2001,,,,,
Americas,Costa Rica,2002,,,,,
Americas,Costa Rica,2003,,,,,
Americas,Costa Rica,2004,,,,,
Americas,Costa Rica,2005,,,,,
Americas,Costa Rica,2006,,,,,
Americas,Costa Rica,2007,,,,,
Americas,Costa Rica,2008,,,,,
Americas,Costa Rica,2009,,,,,
Americas,Costa Rica,2010,,,,,
Americas,Costa Rica,2011,,,,,
Americas,Costa Rica,2012,,,,,
Americas,Costa Rica,2013,,,,,
Americas,Costa Rica,2014,,,,,
Europe,Croatia,2000,,,,,
Europe,Croatia,2001,,,,,
Europe,Croatia,2002,,,,,
Europe,Croatia,2003,,,,,
Europe,Croatia,2004,,,,,
Europe,Croatia,2005,,,,,
Europe,Croatia,2006,,,,,
Europe,Croatia,2007,,,,,
Europe,Croatia,2008,,,,,
Europe,Croatia,2009,,,,,
Europe,Croatia,2010,,,,,
Europe,Croatia,2011,,,,,
Europe,Croatia,2012,,,,,
Europe,Croatia,2013,,,,,
Europe,Croatia,2014,,,,,
Americas,Cuba,2000,,,,,
Americas,Cuba,2001,,,,,
Americas,Cuba,2002,,,,,
Americas,Cuba,2003,,,,,
Americas,Cuba,2004,,,,,
Americas,Cuba,2005,,,,,
Americas,Cuba,2006,,,,,
Americas,Cuba,2007,,,,,
Americas,Cuba,2008,,,,,
Americas,Cuba,2009,,,,,
Americas,Cuba,2010,,,,,
Americas,Cuba,2011,,,,,
Americas,Cuba,2012,,,,,
Americas,Cuba,2013,,,,,
Americas,Cuba,2014,,,,,
Europe,Cyprus,2000,,,,,
Europe,Cyprus,2001,,,,,
Europe,Cyprus,2002,,,,,
Europe,Cyprus,2003,,,,,
Europe,Cyprus,2004,,,,,
Europe,Cyprus,2005,,,,,
Europe,Cyprus,2006,,,,,
Europe,Cyprus,2007,,,,,
Europe,Cyprus,2008,,,,,
Europe,Cyprus,2009,,,,,
Europe,Cyprus,2010,,,,,
Europe,Cyprus,2011,,,,,
Europe,Cyprus,2012,,,,,
Europe,Cyprus,2013,,,,,
Europe,Czechia,2000,,,,,
Europe,Czechia,2001,,,,,
Europe,Czechia,2002,,,,,
Europe,Czechia,2003,,,,,
Europe,Czechia,2004,,,,,
Europe,Czechia,2005,,,,,
Europe,Czechia,2006,,,,,
Europe,Czechia,2007,,,,,
Europe,Czechia,2008,,,,,
Europe,Czechia,2009,,,,,
Europe,Czechia,2010,,,,,
Europe,Czechia,2011,,,,,
Europe,Czechia,2012,,,,,
Europe,Czechia,2013,,,,,
Europe,Czechia,2014,,,,,
South-East Asia,Democratic People's Republic of Korea,2000,,,,,
South-East Asia,Democratic People's Republic of Korea,2001,,,,,
South-East Asia,Democratic People's Republic of Korea,2002,,,,,
South-East Asia,Democratic People's Republic of Korea,2003,,,,,
South-East Asia,Democratic People's Republic of Korea,2004,,,,,
South-East Asia,Democratic People's Republic of Korea,2005,,,,,
South-East Asia,Democratic People's Republic of Korea,2006,,,,,
South-East Asia,Democratic People's Republic of Korea,2007,,,,,
South-East Asia,Democratic People's Republic of Korea,2008,,,,,
South-East Asia,Democratic People's Republic of Korea,2009,,,,,
South-East Asia,Democratic People's Republic of Korea,2010,,,,,
South-East Asia,Democratic People's Republic of Korea,2011,,,,,
South-East Asia,Democratic People's Republic of Korea,2012,,,,,
South-East Asia,Democratic People's Republic of Korea,2013,,,,,
Africa,Democratic Republic of the Congo,2000,,,,,
Africa,Democratic Republic of the Congo,2001,,,,,
Africa,Democratic Republic of the Congo,2002,,,,,
Africa,Democratic Republic of the Congo,2003,,,,,
Africa,Democratic Republic of the Congo,2004,,,,,
Africa,Democratic Republic of the Congo,2005,,,,,
Africa,Democratic Republic of the Congo,2006,,,,,
Africa,Democratic Republic of the Congo,2007,,,,,
Africa,Democratic Republic of the Congo,2008,,,,,
Africa,Democratic Republic of the Congo,2009,,,,,
Africa,Democratic Republic of the Congo,2010,,,,,
Africa,Democratic Republic of the Congo,2011,,,,,
Europe,Denmark,2000,,,,,
Europe,Denmark,2001,,,,,
Europe,Denmark,2002,,,,,
Europe,Denmark,2003,,,,,
Europe,Denmark,2004,,,,,
Europe,Denmark,2005,,,,,
Europe,Denmark,2006,,,,,
Europe,Denmark,2007,,,,,
Europe,Denmark,2008,,,,,
Europe,Denmark,2009,,,,,
Europe,Denmark,2010,,,,,
Europe,Denmark,2011,,,,,
Europe,Denmark,2012,,,,,
Europe,Denmark,2013,,,,,
Europe,Denmark,2014,,,,,
Eastern Mediterranean,Djibouti,2000,,,,,
Eastern Mediterranean,Djibouti,2001,,,,,
Eastern Mediterranean,Djibouti,2002,,,,,
Eastern Mediterranean,Djibouti,2003,,,,,
Eastern Mediterranean,Djibouti,2004,,,,,
Eastern Mediterranean,Djibouti,2005,,,,,
Eastern Mediterranean,Djibouti,2006,,,,,
Eastern Mediterranean,Djibouti,2007,,,,,
Eastern Mediterranean,Djibouti,2008,,,,,
Eastern Mediterranean,Djibouti,2009,,,,,
Eastern Mediterranean,Djibouti,2010,,,,,
Eastern Mediterranean,Djibouti,2011,,,,,
Eastern Mediterranean,Djibouti,2012,,,,,
Eastern Mediterranean,Djibouti,2013,,,,,
Eastern Mediterranean,Djibouti,2014,,,,,
Americas,Dominica,2000,,,,,
Americas,Dominica,2001,,,,,
Americas,Dominica,2002,,,,,
Americas,Dominica,2003,,,,,
Americas,Dominica,2004,,,,,
Americas,Dominica,2005,,,,,
Americas,Dominica,2006,,,,,
Americas,Dominica,2007,,,,,
Americas,Dominica,2008,,,,,
Americas,Dominica,2009,,,,,
Americas,Dominica,2010,,,,,
Americas,Dominica,2011,,,,,
Americas,Dominican Republic,2000,,,,,
Americas,Dominican Republic,2001,,,,,
Americas,Dominican Republic,2002,,,,,
Americas,Dominican Republic,2003,,,,,
Americas,Dominican Republic,2004,,,,,
Americas,Dominican Republic,2005,,,,,
Americas,Dominican Republic,2006,,,,,
Americas,Dominican Republic,2007,,,,,
Americas,Dominican Republic,2008,,,,,
Americas,Dominican Republic,2009,,,,,
Americas,Dominican Republic,2010,,,,,
Americas,Dominican Republic,2011,,,,,
Americas,Dominican Republic,2012,,,,,
Americas,Dominican Republic,2013,,,,,
Americas,Dominican Republic,2014,,,,,
Americas,Ecuador,2000,,,,,
Americas,Ecuador,2001,,,,,
Americas,Ecuador,2002,,,,,
Americas,Ecuador,2003,,,,,
Americas,Ecuador,2004,,,,,
Americas,Ecuador,2005,,,,,
Americas,Ecuador,2006,,,,,
Americas,Ecuador,2007,,,,,
Americas,Ecuador,2008,,,,,
Americas,Ecuador,2009,,,,,
Americas,Ecuador,2010,,,,,
Americas,Ecuador,2011,,,,,
Americas,Ecuador,2012,,,,,
Americas,Ecuador,2013,,,,,
Americas,Ecuador,2014,,,,,
Eastern Mediterranean,Egypt,2000,,,,,
Eastern Mediterranean,Egypt,2001,,,,,
Eastern Mediterranean,Egypt,2002,,,,,
Eastern Mediterranean,Egypt,2003,,,,,
Eastern Mediterranean,Egypt,2004,,,,,
Eastern Mediterranean,Egypt,2005,,,,,
Eastern Mediterranean,Egypt,2006,,,,,
Eastern Mediterranean,Egypt,2007,,,,,
Eastern Mediterranean,Egypt,2008,,,,,
Eastern Mediterranean,Egypt,2009,,,,,
Eastern Mediterranean,Egypt,2010,,,,,
Eastern Mediterranean,Egypt,2011,,,,,
Eastern Mediterranean,Egypt,2012,,,,,
Eastern Mediterranean,Egypt,2013,,,,,
Eastern Mediterranean,Egypt,2014,,,,,
Americas,El Salvador,2000,,,,,
Americas,El Salvador,2001,,,,,
Americas,El Salvador,2002,,,,,
Americas,El Salvador,2003,,,,,
Americas,El Salvador,2004,,,,,
Americas,El Salvador,2005,,,,,
Americas,El Salvador,2006,,,,,
Americas,El Salvador,2007,,,,,
Americas,El Salvador,2008,,,,,
Americas,El Salvador,2009,,,,,
Americas,El Salvador,2010,,,,,
Americas,El Salvador,2011,,,,,
Americas,El Salvador,2012,,,,,
Americas,El Salvador,2013,,,,,
Americas,El Salvador,2014,,,,,
Africa,Equatorial Guinea,2000,,,,,
Africa,Equatorial Guinea,2001,,,,,
Africa,Equatorial Guinea,2002,,,,,
Africa,Equatorial Guinea,2003,,,,,
Africa,Equatorial Guinea,2004,,,,,
Africa,Equatorial Guinea,2005,,,,,
Africa,Equatorial Guinea,2006,,,,,
Africa,Equatorial Guinea,2007,,,,,
Africa,Equatorial Guinea,2008,,,,,
Africa,Equatorial Guinea,2009,,,,,
Africa,Equatorial Guinea,2010,,,,,
Africa,Equatorial Guinea,2011,,,,,
Africa,Equatorial Guinea,2012,,,,,
Africa,Equatorial Guinea,2013,,,,,
Africa,Eritrea,2000,,,,,
Africa,Eritrea,2001,,,,,
Africa,Eritrea,2002,,,,,
Africa,Eritrea,2003,,,,,
Africa,Eritrea,2004,,,,,
Africa,Eritrea,2005,,,,,
Africa,Eritrea,2006,,,,,
Africa,Eritrea,2007,,,,,
Africa,Eritrea,2008,,,,,
Africa,Eritrea,2009,,,,,
Africa,Eritrea,2010,,,,,
Africa,Eritrea,2011,,,,,
Europe,Estonia,2002,,,,,
Europe,Estonia,2003,,,,,
Europe,Estonia,2004,,,,,
Europe,Estonia,2005,,,,,
Europe,Estonia,2006,,,,,
Europe,Estonia,2007,,,,,
Europe,Estonia,2008,,,,,
Europe,Estonia,2009,,,,,
Europe,Estonia,2010,,,,,
Africa,Ethiopia,2000,,,,,
Africa,Ethiopia,2001,,,,,
Africa,Ethiopia,2002,,,,,
Africa,Ethiopia,2003,,,,,
Africa,Ethiopia,2004,,,,,
Africa,Ethiopia,2005,,,,,
Africa,Ethiopia,2006,,,,,
Africa,Ethiopia,2007,,,,,
Africa,Ethiopia,2008,,,,,
Africa,Ethiopia,2009,,,,,
Africa,Ethiopia,2010,,,,,
Africa,Ethiopia,2011,,,,,
Africa,Ethiopia,2012,,,,,
Africa,Ethiopia,2013,,,,,
Western Pacific,Fiji,2000,,,,,
Western Pacific,Fiji,2001,,,,,
Western Pacific,Fiji,2002,,,,,
Western Pacific,Fiji,2003,,,,,
Western Pacific,Fiji,2004,,,,,
Western Pacific,Fiji,2005,,,,,
Western Pacific,Fiji,2006,,,,,
Western Pacific,Fiji,2007,,,,,
Western Pacific,Fiji,2008,,,,,
Western Pacific,Fiji,2009,,,,,
Western Pacific,Fiji,2010,,,,,
Europe,Finland,2000,,,,,
Europe,Finland,2001,,,,,
Europe,Finland,2002,,,,,
Europe,Finland,2003,,,,,
Europe,Finland,2004,,,,,
Europe,Finland,2005,,,,,
Europe,Finland,2006,,,,,
Europe,Finland,2007,,,,,
Europe,Finland,2008,,,,,
Europe,Finland,2009,,,,,
Europe,Finland,2010,,,,,
Europe,Finland,2011,,,,,
Europe,Finland,2012,,,,,
Europe,Finland,2013,,,,,
Europe,Finland,2014,,,,,
Europe,France,2000,,,,,
Europe,France,2001,,,,,
Europe,France,2002,,,,,
Europe,France,2003,,,,,
Europe,France,2004,,,,,
Europe,France,2005,,,,,
Europe,France,2006,,,,,
Europe,France,2007,,,,,
Europe,France,2008,,,,,
Europe,France,2009,,,,,
Europe,France,2010,,,,,
Europe,France,2011,,,,,
Europe,France,2012,,,,,
Europe,France,2013,,,,,
Europe,France,2014,,,,,
Africa,Gabon,2000,,,,,
Africa,Gabon,2001,,,,,
Africa,Gabon,2002,,,,,
Africa,Gabon,2003,,,,,
Africa,Gabon,2004,,,,,
Africa,Gabon,2005,,,,,
Africa,Gabon,2006,,,,,
Africa,Gabon,2007,,,,,
Africa,Gabon,2008,,,,,
Africa,Gabon,2009,,,,,
Africa,Gabon,2010,,,,,
Africa,Gabon,2011,,,,,
Africa,Gabon,2012,,,,,
Africa,Gabon,2013,,,,,
Africa,Gambia,2000,,,,,
Africa,Gambia,2001,,,,,
Africa,Gambia,2002,,,,,
Africa,Gambia,2003,,,,,
Africa,Gambia,2004,,,,,
Africa,Gambia,2005,,,,,
Africa,Gambia,2006,,,,,
Africa,Gambia,2007,,,,,
Africa,Gambia,2008,,,,,
Africa,Gambia,2009,,,,,
Africa,Gambia,2010,,,,,
Africa,Gambia,2011,,,,,
Europe,Georgia,2000,,,,,
Europe,Georgia,2001,,,,,
Europe,Georgia,2002,,,,,
Europe,Georgia,2003,,,,,
Europe,Georgia,2004,,,,,
Europe,Georgia,2005,,,,,
Europe,Georgia,2006,,,,,
Europe,Georgia,2007,,,,,
Europe,Georgia,2008,,,,,
Europe,Georgia,2009,,,,,
Europe,Georgia,2010,,,,,
Europe,Georgia,2011,,,,,
Europe,Georgia,2012,,,,,
Europe,Georgia,2013,,,,,
Europe,Georgia,2014,,,,,
Europe,Germany,2000,,,,,
Europe,Germany,2001,,,,,
Europe,Germany,2002,,,,,
Europe,Germany,2003,,,,,
Europe,Germany,2004,,,,,
Europe,Germany,2005,,,,,
Europe,Germany,2006,,,,,
Europe,Germany,2007,,,,,
Europe,Germany,2008,,,,,
Europe,Germany,2009,,,,,
Europe,Germany,2010,,,,,
Europe,Germany,2011,,,,,
Europe,Germany,2012,,,,,
Europe,Germany,2013,,,,,
Europe,Germany,2014,,,,,
Africa,Ghana,2000,,,,,
Africa,Ghana,2001,,,,,
Africa,Ghana,2002,,,,,
Africa,Ghana,2003,,,,,
Africa,Ghana,2004,,,,,
Africa,Ghana,2005,,,,,
Africa,Ghana,2006,,,,,
Africa,Ghana,2007,,,,,
Africa,Ghana,2008,,,,,
Africa,Ghana,2009,,,,,
Africa,Ghana,2010,,,,,
Africa,Ghana,2011,,,,,
Europe,Greece,2000,,,,,
Europe,Greece,2001,,,,,
Europe,Greece,2002,,,,,
Europe,Greece,2003,,,,,
Europe,Greece,2004,,,,,
Europe,Greece,2005,,,,,
Europe,Greece,2006,,,,,
Europe,Greece,2007,,,,,
Europe,Greece,2008,,,,,
Europe,Greece,2009,,,,,
Europe,Greece,2010,,,,,
Europe,Greece,2011,,,,,
Europe,Greece,2012,,,,,
Europe,Greece,2013,,,,,
Europe,Greece,2014,,,,,
Americas,Grenada,2000,,,,,
Americas,Grenada,2001,,,,,
Americas,Grenada,2002,,,,,
Americas,Grenada,2003,,,,,
Americas,Grenada,2004,,,,,
Americas,Grenada,2005,,,,,
Americas,Grenada,2006,,,,,
Americas,Grenada,2007,,,,,
Americas,Grenada,2008,,,,,
Americas,Grenada,2009,,,,,
Americas,Grenada,2010,,,,,
Americas,Grenada,2011,,,,,
Americas,Grenada,2012,,,,,
Americas,Grenada,2013,,,,,
Americas,Grenada,2014,,,,,
Americas,Guatemala,2000,,,,,
Americas,Guatemala,2001,,,,,
Americas,Guatemala,2002,,,,,
Americas,Guatemala,2003,,,,,
Americas,Guatemala,2004,,,,,
Americas,Guatemala,2005,,,,,
Americas,Guatemala,2006,,,,,
Americas,Guatemala,2007,,,,,
Americas,Guatemala,2008,,,,,
Americas,Guatemala,2009,,,,,
Americas,Guatemala,2010,,,,,
Americas,Guatemala,2011,,,,,
Americas,Guatemala,2012,,,,,
Americas,Guatemala,2013,,,,,
Americas,Guatemala,2014,,,,,
Africa,Guinea,2000,,,,,
Africa,Guinea,2001,,,,,
Africa,Guinea,2002,,,,,
Africa,Guinea,2003,,,,,
Africa,Guinea,2004,,,,,
Africa,Guinea,2005,,,,,
Africa,Guinea,2006,,,,,
Africa,Guinea,2007,,,,,
Africa,Guinea,2008,,,,,
Africa,Guinea,2009,,,,,
Africa,Guinea,2010,,,,,
Africa,Guinea,2011,,,,,
Africa,Guinea-Bissau,2000,,,,,
Africa,Guinea-Bissau,2001,,,,,
Africa,Guinea-Bissau,2002,,,,,
Africa,Guinea-Bissau,2003,,,,,
Africa,Guinea-Bissau,2004,,,,,
Africa,Guinea-Bissau,2005,,,,,
Africa,Guinea-Bissau,2006,,,,,
Africa,Guinea-Bissau,2007,,,,,
Africa,Guinea-Bissau,2008,,,,,
Africa,Guinea-Bissau,2009,,,,,
Africa,Guinea-Bissau,2010,,,,,
Africa,Guinea-Bissau,2011,,,,,
Americas,Guyana,2000,,,,,
Americas,Guyana,2001,,,,,
Americas,Guyana,2002,,,,,
Americas,Guyana,2003,,,,,
Americas,Guyana,2004,,,,,
Americas,Guyana,2005,,,,,
Americas,Guyana,2006,,,,,
Americas,Guyana,2007,,,,,
Americas,Guyana,2008,,,,,
Americas,Guyana,2009,,,,,
Americas,Guyana,2010,,,,,
Americas,Guyana,2011,,,,,
Americas,Guyana,2012,,,,,
Americas,Guyana,2013,,,,,
Americas,Guyana,2014,,,,,
Americas,Haiti,2000,,,,,
Americas,Haiti,2001,,,,,
Americas,Haiti,2002,,,,,
Americas,Haiti,2003,,,,,
Americas,Haiti,2004,,,,,
Americas,Haiti,2005,,,,,
Americas,Haiti,2006,,,,,
Americas,Haiti,2007,,,,,
Americas,Haiti,2008,,,,,
Americas,Haiti,2009,,,,,
Americas,Haiti,2010,,,,,
Americas,Haiti,2011,,,,,
Americas,Haiti,2012,,,,,
Americas,Haiti,2013,,,,,
Americas,Honduras,2000,,,,,
Americas,Honduras,2001,,,,,
Americas,Honduras,2002,,,,,
Americas,Honduras,2003,,,,,
Americas,Honduras,2004,,,,,
Americas,Honduras,2005,,,,,
Americas,Honduras,2006,,,,,
Americas,Honduras,2007,,,,,
Americas,Honduras,2008,,,,,
Americas,Honduras,2009,,,,,
Americas,Honduras,2010,,,,,
Americas,Honduras,2011,,,,,
Americas,Honduras,2012,,,,,
Americas,Honduras,2013,,,,,
Americas,Honduras,2014,,,,,
Europe,Hungary,2000,,,,,
Europe,Hungary,2001,,,,,
Europe,Hungary,2002,,,,,
Europe,Hungary,2003,,,,,
Europe,Hungary,2004,,,,,
Europe,Hungary,2005,,,,,
Europe,Hungary,2006,,,,,
Europe,Hungary,2007,,,,,
Europe,Hungary,2008,,,,,
Europe,Hungary,2009,,,,,
Europe,Hungary,2010,,,,,
Europe,Hungary,2011,,,,,
Europe,Hungary,2012,,,,,
Europe,Hungary,2013,,,,,
Europe,Iceland,2000,,,,,
Europe,Iceland,2001,,,,,
Europe,Iceland,2002,,,,,
Europe,Iceland,2003,,,,,
Europe,Iceland,2004,,,,,
Europe,Iceland,2005,,,,,
Europe,Iceland,2006,,,,,
Europe,Iceland,2007,,,,,
Europe,Iceland,2008,,,,,
Europe,Iceland,2009,,,,,
Europe,Iceland,2010,,,,,
Europe,Iceland,2011,,,,,
Europe,Iceland,2012,,,,,
Europe,Iceland,2013,,,,,
Europe,Iceland,2014,,,,,
South-East Asia,India,2000,,,,,
South-East Asia,India,2001,,,,,
South-East Asia,India,2002,,,,,
South-East Asia,India,2003,,,,,
South-East Asia,India,2004,,,,,
South-East Asia,India,2005,,,,,
South-East Asia,India,2006,,,,,
South-East Asia,India,2007,,,,,
South-East Asia,India,2008,,,,,
South-East Asia,India,2009,,,,,
South-East Asia,India,2010,,,,,
South-East Asia,India,2011,,,,,
South-East Asia,India,2012,,,,,
South-East Asia,India,2013,,,,,
South-East Asia,India,2014,,,,,
South-East Asia,Indonesia,2000,,,,,
South-East Asia,Indonesia,2001,,,,,
South-East Asia,Indonesia,2002,,,,,
South-East Asia,Indonesia,2003,,,,,
South-East Asia,Indonesia,2004,,,,,
South-East Asia,Indonesia,2005,,,,,
South-East Asia,Indonesia,2006,,,,,
South-East Asia,Indonesia,2007,,,,,
South-East Asia,Indonesia,2008,,,,,
South-East Asia,Indonesia,2009,,,,,
South-East Asia,Indonesia,2010,,,,,
South-East Asia,Indonesia,2011,,,,,
South-East Asia,Indonesia,2012,,,,,
South-East Asia,Indonesia,2013,,,,,
South-East Asia,Indonesia,2014,,,,,
Eastern Mediterranean,Iran (Islamic Republic of),2000,,,,,
Eastern Mediterranean,Iran (Islamic Republic of),2001,,,,,
Eastern Mediterranean,Iran (Islamic Republic of),2002,,,,,
Eastern Mediterranean,Iran (Islamic Republic of),2003,,,,,
Eastern Mediterranean,Iran (Islamic Republic of),2004,,,,,
Eastern Mediterranean,Iran (Islamic Republic of),2005,,,,,
Eastern Mediterranean,Iran (Islamic Republic of),2006,,,,,
Eastern Mediterranean,Iran (Islamic Republic of),2007,,,,,
Eastern Mediterranean,Iran (Islamic Republic of),2008,,,,,
Eastern Mediterranean,Iran (Islamic Republic of),2009,,,,,
Eastern Mediterranean,Iran (Islamic Republic of),2010,,,,,
Eastern Mediterranean,Iran (Islamic Republic of),2011,,,,,
Eastern Mediterranean,Iraq,2000,,,,,
Eastern Mediterranean,Iraq,2001,,,,,
Eastern Mediterranean,Iraq,2002,,,,,
Eastern Mediterranean,Iraq,2003,,,,,
Eastern Mediterranean,Iraq,2004,,,,,
Eastern Mediterranean,Iraq,2005,,,,,
Eastern Mediterranean,Iraq,2006,,,,,
Eastern Mediterranean,Iraq,2007,,,,,
Eastern Mediterranean,Iraq,2008,,,,,
Eastern Mediterranean,Iraq,2009,,,,,
Eastern Mediterranean,Iraq,2010,,,,,
Eastern Mediterranean,Iraq,2011,,,,,
Europe,Ireland,2000,,,,,
Europe,Ireland,2001,,,,,
Europe,Ireland,2002,,,,,
Europe,Ireland,2003,,,,,
Europe,Ireland,2004,,,,,
Europe,Ireland,2005,,,,,
Europe,Ireland,2006,,,,,
Europe,Ireland,2007,,,,,
Europe,Ireland,2008,,,,,
Europe,Ireland,2009,,,,,
Europe,Ireland,2010,,,,,
Europe,Ireland,2011,,,,,
Europe,Ireland,2012,,,,,
Europe,Ireland,2013,,,,,
Europe,Ireland,2014,,,,,
Europe,Israel,2000,,,,,
Europe,Israel,2001,,,,,
Europe,Israel,2002,,,,,
Europe,Israel,2003,,,,,
Europe,Israel,2004,,,,,
Europe,Israel,2005,,,,,
Europe,Israel,2006,,,,,
Europe,Israel,2007,,,,,
Europe,Israel,2008,,,,,
Europe,Israel,2009,,,,,
Europe,Israel,2010,,,,,
Europe,Israel,2011,,,,,
Europe,Israel,2012,,,,,
Europe,Israel,2013,,,,,
Europe,Israel,2014,,,,,
Europe,Italy,2000,,,,,
Europe,Italy,2001,,,,,
Europe,Italy,2002,,,,,
Europe,Italy,2003,,,,,
Europe,Italy,2004,,,,,
Europe,Italy,2005,,,,,
Europe,Italy,2006,,,,,
Europe,Italy,2007,,,,,
Europe,Italy,2008,,,,,
Europe,Italy,2009,,,,,
Europe,Italy,2010,,,,,
Europe,Italy,2011,,,,,
Europe,Italy,2012,,,,,
Europe,Italy,2013,,,,,
Europe,Italy,2014,,,,,
Americas,Jamaica,2000,,,,,
Americas,Jamaica,2001,,,,,
Americas,Jamaica,2002,,,,,
Americas,Jamaica,2003,,,,,
Americas,Jamaica,2004,,,,,
Americas,Jamaica,2005,,,,,
Americas,Jamaica,2006,,,,,
Americas,Jamaica,2007,,,,,
Americas,Jamaica,2008,,,,,
Americas,Jamaica,2009,,,,,
Americas,Jamaica,2010,,,,,
Americas,Jamaica,2011,,,,,
Americas,Jamaica,2012,,,,,
Americas,Jamaica,2013,,,,,
Americas,Jamaica,2014,,,,,
Western Pacific,Japan,2000,,,,,
Western Pacific,Japan,2001,,,,,
Western Pacific,Japan,2002,,,,,
Western Pacific,Japan,2003,,,,,
Western Pacific,Japan,2004,,,,,
Western Pacific,Japan,2005,,,,,
Western Pacific,Japan,2006,,,,,
Western Pacific,Japan,2007,,,,,
Western Pacific,Japan,2008,,,,,
Western Pacific,Japan,2009,,,,,
Western Pacific,Japan,2010,,,,,
Western Pacific,Japan,2011,,,,,
Western Pacific,Japan,2012,,,,,
Western Pacific,Japan,2013,,,,,
Eastern Mediterranean,Jordan,2000,,,,,
Eastern Mediterranean,Jordan,2001,,,,,
Eastern Mediterranean,Jordan,2002,,,,,
Eastern Mediterranean,Jordan,2003,,,,,
Eastern Mediterranean,Jordan,2004,,,,,
Eastern Mediterranean,Jordan,2005,,,,,
Eastern Mediterranean,Jordan,2006,,,,,
Eastern Mediterranean,Jordan,2007,,,,,
Eastern Mediterranean,Jordan,2008,,,,,
Eastern Mediterranean,Jordan,2009,,,,,
Eastern Mediterranean,Jordan,2010,,,,,
Eastern Mediterranean,Jordan,2011,,,,,
Eastern Mediterranean,Jordan,2012,,,,,
Eastern Mediterranean,Jordan,2013,,,,,
Eastern Mediterranean,Jordan,2014,,,,,
Europe,Kazakhstan,2000,,,,,
Europe,Kazakhstan,2001,,,,,
Europe,Kazakhstan,2002,,,,,
Europe,Kazakhstan,2003,,,,,
Europe,Kazakhstan,2004,,,,,
Europe,Kazakhstan,2005,,,,,
Europe,Kazakhstan,2006,,,,,
Europe,Kazakhstan,2007,,,,,
Europe,Kazakhstan,2008,,,,,
Europe,Kazakhstan,2009,,,,,
Europe,Kazakhstan,2010,,,,,
Europe,Kazakhstan,2011,,,,,
Europe,Kazakhstan,2012,,,,,
Europe,Kazakhstan,2013,,,,,
Europe,Kazakhstan,2014,,,,,
Africa,Kenya,2000,,,,,
Africa,Kenya,2001,,,,,
Africa,Kenya,2002,,,,,
Africa,Kenya,2003,,,,,
Africa,Kenya,2004,,,,,
Africa,Kenya,2005,,,,,
Africa,Kenya,2006,,,,,
Africa,Kenya,2007,,,,,
Africa,Kenya,2008,,,,,
Africa,Kenya,2009,,,,,
Africa,Kenya,2010,,,,,
Africa,Kenya,2011,,,,,
Africa,Kenya,2012,,,,,
Africa,Kenya,2013,,,,,
Western Pacific,Kiribati,2000,,,,,
Western Pacific,Kiribati,2001,,,,,
Western Pacific,Kiribati,2002,,,,,
Western Pacific,Kiribati,2003,,,,,
Western Pacific,Kiribati,2004,,,,,
Western Pacific,Kiribati,2005,,,,,
Western Pacific,Kiribati,2006,,,,,
Western Pacific,Kiribati,2007,,,,,
Western Pacific,Kiribati,2008,,,,,
Western Pacific,Kiribati,2009,,,,,
Western Pacific,Kiribati,2010,,,,,
Western Pacific,Kiribati,2011,,,,,
Eastern Mediterranean,Kuwait,2000,,,,,
Eastern Mediterranean,Kuwait,2001,,,,,
Eastern Mediterranean,Kuwait,2002,,,,,
Eastern Mediterranean,Kuwait,2003,,,,,
Eastern Mediterranean,Kuwait,2004,,,,,
Eastern Mediterranean,Kuwait,2005,,,,,
Eastern Mediterranean,Kuwait,2006,,,,,
Eastern Mediterranean,Kuwait,2007,,,,,
Eastern Mediterranean,Kuwait,2008,,,,,
Eastern Mediterranean,Kuwait,2009,,,,,
Eastern Mediterranean,Kuwait,2010,,,,,
Eastern Mediterranean,Kuwait,2011,,,,,
Europe,Kyrgyzstan,2000,,,,,
Europe,Kyrgyzstan,2001,,,,,
Europe,Kyrgyzstan,2002,,,,,
Europe,Kyrgyzstan,2003,,,,,
Europe,Kyrgyzstan,2004,,,,,
Europe,Kyrgyzstan,2005,,,,,
Europe,Kyrgyzstan,2006,,,,,
Europe,Kyrgyzstan,2007,,,,,
Europe,Kyrgyzstan,2008,,,,,
Europe,Kyrgyzstan,2009,,,,,
Europe,Kyrgyzstan,2010,,,,,
Europe,Kyrgyzstan,2011,,,,,
Western Pacific,Lao People's Democratic Republic,2000,,,,,
Western Pacific,Lao People's Democratic Republic,2001,,,,,
Western Pacific,Lao People's Democratic Republic,2002,,,,,
Western Pacific,Lao People's Democratic Republic,2003,,,,,
Western Pacific,Lao People's Democratic Republic,2004,,,,,
Western Pacific,Lao People's Democratic Republic,2005,,,,,
Western Pacific,Lao People's Democratic Republic,2006,,,,,
Western Pacific,Lao People's Democratic Republic,2007,,,,,
Western Pacific,Lao People's Democratic Republic,2008,,,,,
Western Pacific,Lao People's Democratic Republic,2009,,,,,
Western Pacific,Lao People's Democratic Republic,2010,,,,,
Western Pacific,Lao People's Democratic Republic,2011,,,,,
Europe,Latvia,2000,,,,,
Europe,Latvia,2001,,,,,
Europe,Latvia,2002,,,,,
Europe,Latvia,2003,,,,,
Europe,Latvia,2004,,,,,
Europe,Latvia,2005,,,,,
Europe,Latvia,2006,,,,,
Europe,Latvia,2007,,,,,
Europe,Latvia,2008,,,,,
Europe,Latvia,2009,,,,,
Europe,Latvia,2010,,,,,
Europe,Latvia,2011,,,,,
Europe,Latvia,2012,,,,,
Europe,Latvia,2013,,,,,
Eastern Mediterranean,Lebanon,2000,,,,,
Eastern Mediterranean,Lebanon,2001,,,,,
Eastern Mediterranean,Lebanon,2002,,,,,
Eastern Mediterranean,Lebanon,2003,,,,,
Eastern Mediterranean,Lebanon,2004,,,,,
Eastern Mediterranean,Lebanon,2005,,,,,
Eastern Mediterranean,Lebanon,2006,,,,,
Eastern Mediterranean,Lebanon,2007,,,,,
Eastern Mediterranean,Lebanon,2008,,,,,
Eastern Mediterranean,Lebanon,2009,,,,,
Eastern Mediterranean,Lebanon,2010,,,,,
Eastern Mediterranean,Lebanon,2011,,,,,
Eastern Mediterranean,Lebanon,2012,,,,,
Eastern Mediterranean,Lebanon,2013,,,,,
Eastern Mediterranean,Lebanon,2014,,,,,
Africa,Lesotho,2000,,,,,
Africa,Lesotho,2001,,,,,
Africa,Lesotho,2002,,,,,
Africa,Lesotho,2003,,,,,
Africa,Lesotho,2004,,,,,
Africa,Lesotho,2005,,,,,
Africa,Lesotho,2006,,,,,
Africa,Lesotho,2007,,,,,
Africa,Lesotho,2008,,,,,
Africa,Lesotho,2009,,,,,
Africa,Lesotho,2010,,,,,
Africa,Lesotho,2011,,,,,
Africa,Liberia,2000,,,,,
Africa,Liberia,2001,,,,,
Africa,Liberia,2002,,,,,
Africa,Liberia,2003,,,,,
Africa,Liberia,2004,,,,,
Africa,Liberia,2005,,,,,
Africa,Liberia,2006,,,,,
Africa,Liberia,2007,,,,,
Africa,Liberia,2008,,,,,
Africa,Liberia,2009,,,,,
Africa,Liberia,2010,,,,,
Africa,Liberia,2011,,,,,
Eastern Mediterranean,Libya,2000,,,,,
Eastern Mediterranean,Libya,2001,,,,,
Eastern Mediterranean,Libya,2002,,,,,
Eastern Mediterranean,Libya,2003,,,,,
Eastern Mediterranean,Libya,2004,,,,,
Eastern Mediterranean,Libya,2005,,,,,
Eastern Mediterranean,Libya,2006,,,,,
Eastern Mediterranean,Libya,2007,,,,,
Eastern Mediterranean,Libya,2008,,,,,
Eastern Mediterranean,Libya,2009,,,,,
Eastern Mediterranean,Libya,2010,,,,,
Eastern Mediterranean,Libya,2011,,,,,
Europe,Lithuania,2000,,,,,
Europe,Lithuania,2001,,,,,
Europe,Lithuania,2002,,,,,
Europe,Lithuania,2003,,,,,
Europe,Lithuania,2004,,,,,
Europe,Lithuania,2005,,,,,
Europe,Lithuania,2006,,,,,
Europe,Lithuania,2007,,,,,
Europe,Lithuania,2008,,,,,
Europe,Lithuania,2009,,,,,
Europe,Lithuania,2010,,,,,
Europe,Lithuania,2011,,,,,
Europe,Lithuania,2012,,,,,
Europe,Lithuania,2013,,,,,
Europe,Lithuania,2014,,,,,
Europe,Luxembourg,2000,,,,,
Europe,Luxembourg,2001,,,,,
Europe,Luxembourg,2002,,,,,
Europe,Luxembourg,2003,,,,,
Europe,Luxembourg,2004,,,,,
Europe,Luxembourg,2005,,,,,
Europe,Luxembourg,2006,,,,,
Europe,Luxembourg,2007,,,,,
Europe,Luxembourg,2008,,,,,
Europe,Luxembourg,2009,,,,,
Europe,Luxembourg,2010,,,,,
Europe,Luxembourg,2011,,,,,
Europe,Luxembourg,2012,,,,,
Europe,Luxembourg,2013,,,,,
Europe,Luxembourg,2014,,,,,
Africa,Madagascar,2000,,,,,
Africa,Madagascar,2001,,,,,
Africa,Madagascar,2002,,,,,
Africa,Madagascar,2003,,,,,
Africa,Madagascar,2004,,,,,
Africa,Madagascar,2005,,,,,
Africa,Madagascar,2006,,,,,
Africa,Madagascar,2007,,,,,
Africa,Madagascar,2008,,,,,
Africa,Madagascar,2009,,,,,
Africa,Madagascar,2010,,,,,
Africa,Madagascar,2011,,,,,
Africa,Madagascar,2012,,,,,
Africa,Madagascar,2013,,,,,
Africa,Malawi,2000,,,,,
Africa,Malawi,2001,,,,,
Africa,Malawi,2002,,,,,
Africa,Malawi,2003,,,,,
Africa,Malawi,2004,,,,,
Africa,Malawi,2005,,,,,
Africa,Malawi,2006,,,,,
Africa,Malawi,2007,,,,,
Africa,Malawi,2008,,,,,
Africa,Malawi,2009,,,,,
Africa,Malawi,2010,,,,,
Africa,Malawi,2011,,,,,
Western Pacific,Malaysia,2000,,,,,
Western Pacific,Malaysia,2001,,,,,
Western Pacific,Malaysia,2002,,,,,
Western Pacific,Malaysia,2003,,,,,
Western Pacific,Malaysia,2004,,,,,
Western Pacific,Malaysia,2005,,,,,
Western Pacific,Malaysia,2006,,,,,
Western Pacific,Malaysia,2007,,,,,
Western Pacific,Malaysia,2008,,,,,
Western Pacific,Malaysia,2009,,,,,
Western Pacific,Malaysia,2010,,,,,
Western Pacific,Malaysia,2011,,,,,
Western Pacific,Malaysia,2012,,,,,
Western Pacific,Malaysia,2013,,,,,
Western Pacific,Malaysia,2014,,,,,
South-East Asia,Maldives,2000,,,,,
South-East Asia,Maldives,2001,,,,,
South-East Asia,Maldives,2002,,,,,
South-East Asia,Maldives,2003,,,,,
South-East Asia,Maldives,2004,,,,,
South-East Asia,Maldives,2005,,,,,
South-East Asia,Maldives,2006,,,,,
South-East Asia,Maldives,2007,,,,,
South-East Asia,Maldives,2008,,,,,
South-East Asia,Maldives,2009,,,,,
South-East Asia,Maldives,2010,,,,,
South-East Asia,Maldives,2011,,,,,
Africa,Mali,2000,,,,,
Africa,Mali,2001,,,,,
Africa,Mali,2002,,,,,
Africa,Mali,2003,,,,,
Africa,Mali,2004,,,,,
Africa,Mali,2005,,,,,
Africa,Mali,2006,,,,,
Africa,Mali,2007,,,,,
Africa,Mali,2008,,,,,
Africa,Mali,2009,,,,,
Africa,Mali,2010,,,,,
Africa,Mali,2011,,,,,
Europe,Malta,2000,,,,,
Europe,Malta,2001,,,,,
Europe,Malta,2002,,,,,
Europe,Malta,2003,,,,,
Europe,Malta,2004,,,,,
Europe,Malta,2005,,,,,
Europe,Malta,2006,,,,,
Europe,Malta,2007,,,,,
Europe,Malta,2008,,,,,
Europe,Malta,2009,,,,,
Europe,Malta,2010,,,,,
Europe,Malta,2011,,,,,
Europe,Malta,2012,,,,,
Europe,Malta,2013,,,,,
Europe,Malta,2014,,,,,
Western Pacific,Marshall Islands,2000,,,,,
Western Pacific,Marshall Islands,2001,,,,,
Western Pacific,Marshall Islands,2002,,,,,
Western Pacific,Marshall Islands,2003,,,,,
Western Pacific,Marshall Islands,2004,,,,,
Western Pacific,Marshall Islands,2005,,,,,
Western Pacific,Marshall Islands,2006,,,,,
Western Pacific,Marshall Islands,2007,,,,,
Western Pacific,Marshall Islands,2008,,,,,
Western Pacific,Marshall Islands,2009,,,,,
Western Pacific,Marshall Islands,2010,,,,,
Africa,Mauritania,2000,,,,,
Africa,Mauritania,2001,,,,,
Africa,Mauritania,2002,,,,,
Africa,Mauritania,2003,,,,,
Africa,Mauritania,2004,,,,,
Africa,Mauritania,2005,,,,,
Africa,Mauritania,2006,,,,,
Africa,Mauritania,2007,,,,,
Africa,Mauritania,2008,,,,,
Africa,Mauritania,2009,,,,,
Africa,Mauritania,2010,,,,,
Africa,Mauritania,2011,,,,,
Africa,Mauritius,2000,,,,,
Africa,Mauritius,2001,,,,,
Africa,Mauritius,2002,,,,,
Africa,Mauritius,2003,,,,,
Africa,Mauritius,2004,,,,,
Africa,Mauritius,2005,,,,,
Africa,Mauritius,2006,,,,,
Africa,Mauritius,2007,,,,,
Africa,Mauritius,2008,,,,,
Africa,Mauritius,2009,,,,,
Africa,Mauritius,2010,,,,,
Africa,Mauritius,2011,,,,,
Americas,Mexico,2000,,,,,
Americas,Mexico,2001,,,,,
Americas,Mexico,2002,,,,,
Americas,Mexico,2003,,,,,
Americas,Mexico,2004,,,,,
Americas,Mexico,2005,,,,,
Americas,Mexico,2006,,,,,
Americas,Mexico,2007,,,,,
Americas,Mexico,2008,,,,,
Americas,Mexico,2009,,,,,
Americas,Mexico,2010,,,,,
Americas,Mexico,2011,,,,,
Americas,Mexico,2012,,,,,
Americas,Mexico,2013,,,,,
Americas,Mexico,2014,,,,,
Western Pacific,Micronesia (Federated States of),2000,,,,,
Western Pacific,Micronesia (Federated States of),2001,,,,,
Western Pacific,Micronesia (Federated States of),2002,,,,,
Western Pacific,Micronesia (Federated States of),2003,,,,,
Western Pacific,Micronesia (Federated States of),2004,,,,,
Western Pacific,Micronesia (Federated States of),2005,,,,,
Western Pacific,Micronesia (Federated States of),2006,,,,,
Western Pacific,Micronesia (Federated States of),2007,,,,,
Western Pacific,Micronesia (Federated States of),2008,,,,,
Western Pacific,Micronesia (Federated States of),2009,,,,,
Western Pacific,Micronesia (Federated States of),2010,,,,,
Western Pacific,Micronesia (Federated States of),2011,,,,,
Western Pacific,Micronesia (Federated States of),2012,,,,,
Western Pacific,Micronesia (Federated States of),2013,,,,,
Western Pacific,Micronesia (Federated States of),2014,,,,,
Europe,Monaco,2000,,,,,
Europe,Monaco,2001,,,,,
Europe,Monaco,2002,,,,,
Europe,Monaco,2003,,,,,
Europe,Monaco,2004,,,,,
Europe,Monaco,2005,,,,,
Europe,Monaco,2006,,,,,
Europe,Monaco,2007,,,,,
Europe,Monaco,2008,,,,,
Europe,Monaco,2009,,,,,
Europe,Monaco,2010,,,,,
Western Pacific,Mongolia,2000,,,,,
Western Pacific,Mongolia,2001,,,,,
Western Pacific,Mongolia,2002,,,,,
Western Pacific,Mongolia,2003,,,,,
Western Pacific,Mongolia,2004,,,,,
Western Pacific,Mongolia,2005,,,,,
Western Pacific,Mongolia,2006,,,,,
Western Pacific,Mongolia,2007,,,,,
Western Pacific,Mongolia,2008,,,,,
Western Pacific,Mongolia,2009,,,,,
Western Pacific,Mongolia,2010,,,,,
Europe,Montenegro,2005,,,,,
Europe,Montenegro,2006,,,,,
Europe,Montenegro,2007,,,,,
Europe,Montenegro,2008,,,,,
Europe,Montenegro,2009,,,,,
Europe,Montenegro,2010,,,,,
Europe,Montenegro,2011,,,,,
Eastern Mediterranean,Morocco,2000,,,,,
Eastern Mediterranean,Morocco,2001,,,,,
Eastern Mediterranean,Morocco,2002,,,,,
Eastern Mediterranean,Morocco,2003,,,,,
Eastern Mediterranean,Morocco,2004,,,,,
Eastern Mediterranean,Morocco,2005,,,,,
Eastern Mediterranean,Morocco,2006,,,,,
Eastern Mediterranean,Morocco,2007,,,,,
Eastern Mediterranean,Morocco,2008,,,,,
Eastern Mediterranean,Morocco,2009,,,,,
Eastern Mediterranean,Morocco,2010,,,,,
Eastern Mediterranean,Morocco,2011,,,,,
Eastern Mediterranean,Morocco,2012,,,,,
Eastern Mediterranean,Morocco,2013,,,,,
Eastern Mediterranean,Morocco,2014,,,,,
Africa,Mozambique,2000,,,,,
Africa,Mozambique,2001,,,,,
Africa,Mozambique,2002,,,,,
Africa,Mozambique,2003,,,,,
Africa,Mozambique,2004,,,,,
Africa,Mozambique,2005,,,,,
Africa,Mozambique,2006,,,,,
Africa,Mozambique,2007,,,,,
Africa,Mozambique,2008,,,,,
Africa,Mozambique,2009,,,,,
Africa,Mozambique,2010,,,,,
Africa,Mozambique,2011,,,,,
Africa,Mozambique,2012,,,,,
Africa,Mozambique,2013,,,,,
South-East Asia,Myanmar,2000,,,,,
South-East Asia,Myanmar,2001,,,,,
South-East Asia,Myanmar,2002,,,,,
South-East Asia,Myanmar,2003,,,,,
South-East Asia,Myanmar,2004,,,,,
South-East Asia,Myanmar,2005,,,,,
South-East Asia,Myanmar,2006,,,,,
South-East Asia,Myanmar,2007,,,,,
South-East Asia,Myanmar,2008,,,,,
South-East Asia,Myanmar,2009,,,,,
South-East Asia,Myanmar,2010,,,,,
South-East Asia,Myanmar,2011,,,,,
South-East Asia,Myanmar,2012,,,,,
South-East Asia,Myanmar,2013,,,,,
Africa,Namibia,2000,,,,,
Africa,Namibia,2001,,,,,
Africa,Namibia,2002,,,,,
Africa,Namibia,2003,,,,,
Africa,Namibia,2004,,,,,
Africa,Namibia,2005,,,,,
Africa,Namibia,2006,,,,,
Africa,Namibia,2007,,,,,
Africa,Namibia,2008,,,,,
Africa,Namibia,2009,,,,,
Africa,Namibia,2010,,,,,
Africa,Namibia,2011,,,,,
Western Pacific,Nauru,2000,,,,,
Western Pacific,Nauru,2001,,,,,
Western Pacific,Nauru,2002,,,,,
Western Pacific,Nauru,2003,,,,,
Western Pacific,Nauru,2004,,,,,
Western Pacific,Nauru,2005,,,,,
Western Pacific,Nauru,2006,,,,,
Western Pacific,Nauru,2007,,,,,
Western Pacific,Nauru,2008,,,,,
Western Pacific,Nauru,2009,,,,,
Western Pacific,Nauru,2010,,,,,
South-East Asia,Nepal,2000,,,,,
South-East Asia,Nepal,2001,,,,,
South-East Asia,Nepal,2002,,,,,
South-East Asia,Nepal,2003,,,,,
South-East Asia,Nepal,2004,,,,,
South-East Asia,Nepal,2005,,,,,
South-East Asia,Nepal,2006,,,,,
South-East Asia,Nepal,2007,,,,,
South-East Asia,Nepal,2008,,,,,
South-East Asia,Nepal,2009,,,,,
South-East Asia,Nepal,2010,,,,,
South-East Asia,Nepal,2011,,,,,
South-East Asia,Nepal,2012,,,,,
South-East Asia,Nepal,2013,,,,,
Europe,Netherlands,2000,,,,,
Europe,Netherlands,2001,,,,,
Europe,Netherlands,2002,,,,,
Europe,Netherlands,2003,,,,,
Europe,Netherlands,2004,,,,,
Europe,Netherlands,2005,,,,,
Europe,Netherlands,2006,,,,,
Europe,Netherlands,2007,,,,,
Europe,Netherlands,2008,,,,,
Europe,Netherlands,2009,,,,,
Europe,Netherlands,2010,,,,,
Europe,Netherlands,2011,,,,,
Europe,Netherlands,2012,,,,,
Europe,Netherlands,2013,,,,,
Western Pacific,New Zealand,2000,,,,,
Western Pacific,New Zealand,2001,,,,,
Western Pacific,New Zealand,2002,,,,,
Western Pacific,New Zealand,2003,,,,,
Western Pacific,New Zealand,2004,,,,,
Western Pacific,New Zealand,2005,,,,,
Western Pacific,New Zealand,2006,,,,,
Western Pacific,New Zealand,2007,,,,,
Western Pacific,New Zealand,2008,,,,,
Western Pacific,New Zealand,2009,,,,,
Western Pacific,New Zealand,2010,,,,,
Western Pacific,New Zealand,2011,,,,,
Western Pacific,New Zealand,2012,,,,,
Western Pacific,New Zealand,2013,,,,,
Western Pacific,New Zealand,2014,,,,,
Western Pacific,New Zealand,2015,,,,,
Americas,Nicaragua,2000,,,,,
Americas,Nicaragua,2001,,,,,
Americas,Nicaragua,2002,,,,,
Americas,Nicaragua,2003,,,,,
Americas,Nicaragua,2004,,,,,
Americas,Nicaragua,2005,,,,,
Americas,Nicaragua,2006,,,,,
Americas,Nicaragua,2007,,,,,
Americas,Nicaragua,2008,,,,,
Americas,Nicaragua,2009,,,,,
Americas,Nicaragua,2010,,,,,
Americas,Nicaragua,2011,,,,,
Americas,Nicaragua,2012,,,,,
Americas,Nicaragua,2013,,,,,
Americas,Nicaragua,2014,,,,,
Africa,Niger,2000,,,,,
Africa,Niger,2001,,,,,
Africa,Niger,2002,,,,,
Africa,Niger,2003,,,,,
Africa,Niger,2004,,,,,
Africa,Niger,2005,,,,,
Africa,Niger,2006,,,,,
Africa,Niger,2007,,,,,
Africa,Niger,2008,,,,,
Africa,Niger,2009,,,,,
Africa,Niger,2010,,,,,
Africa,Niger,2011,,,,,
Africa,Nigeria,2000,,,,,
Africa,Nigeria,2001,,,,,
Africa,Nigeria,2002,,,,,
Africa,Nigeria,2003,,,,,
Africa,Nigeria,2004,,,,,
Africa,Nigeria,2005,,,,,
Africa,Nigeria,2006,,,,,
Africa,Nigeria,2007,,,,,
Africa,Nigeria,2008,,,,,
Africa,Nigeria,2009,,,,,
Africa,Nigeria,2010,,,,,
Africa,Nigeria,2011,,,,,
Africa,Nigeria,2012,,,,,
Africa,Nigeria,2013,,,,,
Western Pacific,Niue,2000,,,,,
Western Pacific,Niue,2001,,,,,
Western Pacific,Niue,2002,,,,,
Western Pacific,Niue,2003,,,,,
Western Pacific,Niue,2004,,,,,
Western Pacific,Niue,2005,,,,,
Western Pacific,Niue,2006,,,,,
Western Pacific,Niue,2007,,,,,
Western Pacific,Niue,2008,,,,,
Western Pacific,Niue,2009,,,,,
Western Pacific,Niue,2010,,,,,
Western Pacific,Niue,2011,,,,,
Europe,Norway,2000,,,,,
Europe,Norway,2001,,,,,
Europe,Norway,2002,,,,,
Europe,Norway,2003,,,,,
Europe,Norway,2004,,,,,
Europe,Norway,2005,,,,,
Europe,Norway,2006,,,,,
Europe,Norway,2007,,,,,
Europe,Norway,2008,,,,,
Europe,Norway,2009,,,,,
Europe,Norway,2010,,,,,
Europe,Norway,2011,,,,,
Europe,Norway,2012,,,,,
Europe,Norway,2013,,,,,
Europe,Norway,2014,,,,,
Europe,Norway,2015,,,,,
Eastern Mediterranean,Oman,2000,,,,,
Eastern Mediterranean,Oman,2001,,,,,
Eastern Mediterranean,Oman,2002,,,,,
Eastern Mediterranean,Oman,2003,,,,,
Eastern Mediterranean,Oman,2004,,,,,
Eastern Mediterranean,Oman,2005,,,,,
Eastern Mediterranean,Oman,2006,,,,,
Eastern Mediterranean,Oman,2007,,,,,
Eastern Mediterranean,Oman,2008,,,,,
Eastern Mediterranean,Oman,2009,,,,,
Eastern Mediterranean,Oman,2010,,,,,
Eastern Mediterranean,Oman,2011,,,,,
Eastern Mediterranean,Oman,2012,,,,,
Eastern Mediterranean,Oman,2013,,,,,
Eastern Mediterranean,Oman,2014,,,,,
Eastern Mediterranean,Pakistan,2000,,,,,
Eastern Mediterranean,Pakistan,2001,,,,,
Eastern Mediterranean,Pakistan,2002,,,,,
Eastern Mediterranean,Pakistan,2003,,,,,
Eastern Mediterranean,Pakistan,2004,,,,,
Eastern Mediterranean,Pakistan,2005,,,,,
Eastern Mediterranean,Pakistan,2006,,,,,
Eastern Mediterranean,Pakistan,2007,,,,,
Eastern Mediterranean,Pakistan,2008,,,,,
Eastern Mediterranean,Pakistan,2009,,,,,
Eastern Mediterranean,Pakistan,2010,,,,,
Eastern Mediterranean,Pakistan,2011,,,,,
Eastern Mediterranean,Pakistan,2012,,,,,
Eastern Mediterranean,Pakistan,2013,,,,,
Americas,Panama,2000,,,,,
Americas,Panama,2001,,,,,
Americas,Panama,2002,,,,,
Americas,Panama,2003,,,,,
Americas,Panama,2004,,,,,
Americas,Panama,2005,,,,,
Americas,Panama,2006,,,,,
Americas,Panama,2007,,,,,
Americas,Panama,2008,,,,,
Americas,Panama,2009,,,,,
Americas,Panama,2010,,,,,
Americas,Panama,2011,,,,,
Americas,Panama,2012,,,,,
Americas,Panama,2013,,,,,
Americas,Panama,2014,,,,,
Western Pacific,Papua New Guinea,2000,,,,,
Western Pacific,Papua New Guinea,2001,,,,,
Western Pacific,Papua New Guinea,2002,,,,,
Western Pacific,Papua New Guinea,2003,,,,,
Western Pacific,Papua New Guinea,2004,,,,,
Western Pacific,Papua New Guinea,2005,,,,,
Western Pacific,Papua New Guinea,2006,,,,,
Western Pacific,Papua New Guinea,2007,,,,,
Western Pacific,Papua New Guinea,2008,,,,,
Western Pacific,Papua New Guinea,2009,,,,,
Western Pacific,Papua New Guinea,2010,,,,,
Western Pacific,Papua New Guinea,2011,,,,,
Americas,Paraguay,2000,,,,,
Americas,Paraguay,2001,,,,,
Americas,Paraguay,2002,,,,,
Americas,Paraguay,2003,,,,,
Americas,Paraguay,2004,,,,,
Americas,Paraguay,2005,,,,,
Americas,Paraguay,2006,,,,,
Americas,Paraguay,2007,,,,,
Americas,Paraguay,2008,,,,,
Americas,Paraguay,2009,,,,,
Americas,Paraguay,2010,,,,,
Americas,Paraguay,2011,,,,,
Americas,Paraguay,2012,,,,,
Americas,Paraguay,2013,,,,,
Americas,Peru,2000,,,,,
Americas,Peru,2001,,,,,
Americas,Peru,2002,,,,,
Americas,Peru,2003,,,,,
Americas,Peru,2004,,,,,
Americas,Peru,2005,,,,,
Americas,Peru,2006,,,,,
Americas,Peru,2007,,,,,
Americas,Peru,2008,,,,,
Americas,Peru,2009,,,,,
Americas,Peru,2010,,,,,
Americas,Peru,2011,,,,,
Americas,Peru,2012,,,,,
Americas,Peru,2013,,,,,
Western Pacific,Philippines,2000,,,,,
Western Pacific,Philippines,2001,,,,,
Western Pacific,Philippines,2002,,,,,
Western Pacific,Philippines,2003,,,,,
Western Pacific,Philippines,2004,,,,,
Western Pacific,Philippines,2005,,,,,
Western Pacific,Philippines,2006,,,,,
Western Pacific,Philippines,2007,,,,,
Western Pacific,Philippines,2008,,,,,
Western Pacific,Philippines,2009,,,,,
Western Pacific,Philippines,2010,,,,,
Western Pacific,Philippines,2011,,,,,
Western Pacific,Philippines,2012,,,,,
Western Pacific,Philippines,2013,,,,,
Western Pacific,Philippines,2014,,,,,
Europe,Poland,2000,,,,,
Europe,Poland,2001,,,,,
Europe,Poland,2002,,,,,
Europe,Poland,2003,,,,,
Europe,Poland,2004,,,,,
Europe,Poland,2005,,,,,
Europe,Poland,2006,,,,,
Europe,Poland,2007,,,,,
Europe,Poland,2008,,,,,
Europe,Poland,2009,,,,,
Europe,Poland,2010,,,,,
Europe,Poland,2011,,,,,
Europe,Poland,2012,,,,,
Europe,Poland,2013,,,,,
Europe,Poland,2014,,,,,
Europe,Portugal,2000,,,,,
Europe,Portugal,2001,,,,,
Europe,Portugal,2002,,,,,
Europe,Portugal,2003,,,,,
Europe,Portugal,2004,,,,,
Europe,Portugal,2005,,,,,
Europe,Portugal,2006,,,,,
Europe,Portugal,2007,,,,,
Europe,Portugal,2008,,,,,
Europe,Portugal,2009,,,,,
Europe,Portugal,2010,,,,,
Europe,Portugal,2011,,,,,
Europe,Portugal,2012,,,,,
Europe,Portugal,2013,,,,,
Europe,Portugal,2014,,,,,
Eastern Mediterranean,Qatar,2000,,,,,
Eastern Mediterranean,Qatar,2001,,,,,
Eastern Mediterranean,Qatar,2002,,,,,
Eastern Mediterranean,Qatar,2003,,,,,
Eastern Mediterranean,Qatar,2004,,,,,
Eastern Mediterranean,Qatar,2005,,,,,
Eastern Mediterranean,Qatar,2006,,,,,
Eastern Mediterranean,Qatar,2007,,,,,
Eastern Mediterranean,Qatar,2008,,,,,
Eastern Mediterranean,Qatar,2009,,,,,
Eastern Mediterranean,Qatar,2010,,,,,
Eastern Mediterranean,Qatar,2011,,,,,
Eastern Mediterranean,Qatar,2012,,,,,
Eastern Mediterranean,Qatar,2013,,,,,
Eastern Mediterranean,Qatar,2014,,,,,
Western Pacific,Republic of Korea,2000,,,,,
Western Pacific,Republic of Korea,2001,,,,,
Western Pacific,Republic of Korea,2002,,,,,
Western Pacific,Republic of Korea,2003,,,,,
Western Pacific,Republic of Korea,2004,,,,,
Western Pacific,Republic of Korea,2005,,,,,
Western Pacific,Republic of Korea,2006,,,,,
Western Pacific,Republic of Korea,2007,,,,,
Western Pacific,Republic of Korea,2008,,,,,
Western Pacific,Republic of Korea,2009,,,,,
Western Pacific,Republic of Korea,2010,,,,,
Western Pacific,Republic of Korea,2011,,,,,
Western Pacific,Republic of Korea,2012,,,,,
Western Pacific,Republic of Korea,2013,,,,,
Europe,Republic of Moldova,2000,,,,,
Europe,Republic of Moldova,2001,,,,,
Europe,Republic of Moldova,2002,,,,,
Europe,Republic of Moldova,2003,,,,,
Europe,Republic of Moldova,2004,,,,,
Europe,Republic of Moldova,2005,,,,,
Europe,Republic of Moldova,2006,,,,,
Europe,Republic of Moldova,2007,,,,,
Europe,Republic of Moldova,2008,,,,,
Europe,Republic of Moldova,2009,,,,,
Europe,Republic of Moldova,2010,,,,,
Europe,Republic of Moldova,2011,,,,,
Europe,Republic of Moldova,2012,,,,,
Europe,Republic of Moldova,2013,,,,,
Europe,Republic of Moldova,2014,,,,,
Europe,Romania,2000,,,,,
Europe,Romania,2001,,,,,
Europe,Romania,2002,,,,,
Europe,Romania,2003,,,,,
Europe,Romania,2004,,,,,
Europe,Romania,2005,,,,,
Europe,Romania,2006,,,,,
Europe,Romania,2007,,,,,
Europe,Romania,2008,,,,,
Europe,Romania,2009,,,,,
Europe,Romania,2010,,,,,
Europe,Romania,2011,,,,,
Europe,Romania,2012,,,,,
Europe,Romania,2013,,,,,
Europe,Russian Federation,2000,,,,,
Europe,Russian Federation,2001,,,,,
Europe,Russian Federation,2002,,,,,
Europe,Russian Federation,2003,,,,,
Europe,Russian Federation,2004,,,,,
Europe,Russian Federation,2005,,,,,
Europe,Russian Federation,2006,,,,,
Europe,Russian Federation,2007,,,,,
Europe,Russian Federation,2008,,,,,
Europe,Russian Federation,2009,,,,,
Europe,Russian Federation,2010,,,,,
Europe,Russian Federation,2011,,,,,
Europe,Russian Federation,2012,,,,,
Europe,Russian Federation,2013,,,,,
Europe,Russian Federation,2014,,,,,
Africa,Rwanda,2000,,,,,
Africa,Rwanda,2001,,,,,
Africa,Rwanda,2002,,,,,
Africa,Rwanda,2003,,,,,
Africa,Rwanda,2004,,,,,
Africa,Rwanda,2005,,,,,
Africa,Rwanda,2006,,,,,
Africa,Rwanda,2007,,,,,
Africa,Rwanda,2008,,,,,
Africa,Rwanda,2009,,,,,
Africa,Rwanda,2010,,,,,
Africa,Rwanda,2011,,,,,
Americas,Saint Kitts and Nevis,2000,,,,,
Americas,Saint Kitts and Nevis,2001,,,,,
Americas,Saint Kitts and Nevis,2002,,,,,
Americas,Saint Kitts and Nevis,2003,,,,,
Americas,Saint Kitts and Nevis,2004,,,,,
Americas,Saint Kitts and Nevis,2005,,,,,
Americas,Saint Kitts and Nevis,2006,,,,,
Americas,Saint Kitts and Nevis,2007,,,,,
Americas,Saint Kitts and Nevis,2008,,,,,
Americas,Saint Kitts and Nevis,2009,,,,,
Americas,Saint Kitts and Nevis,2010,,,,,
Americas,Saint Kitts and Nevis,2011,,,,,
Americas,Saint Kitts and Nevis,2012,,,,,
Americas,Saint Kitts and Nevis,2013,,,,,
Americas,Saint Kitts and Nevis,2014,,,,,
Americas,Saint Lucia,2000,,,,,
Americas,Saint Lucia,2001,,,,,
Americas,Saint Lucia,2002,,,,,
Americas,Saint Lucia,2003,,,,,
Americas,Saint Lucia,2004,,,,,
Americas,Saint Lucia,2005,,,,,
Americas,Saint Lucia,2006,,,,,
Americas,Saint Lucia,2007,,,,,
Americas,Saint Lucia,2008,,,,,
Americas,Saint Lucia,2009,,,,,
Americas,Saint Lucia,2010,,,,,
Americas,Saint Lucia,2011,,,,,
Americas,Saint Lucia,2012,,,,,
Americas,Saint Lucia,2013,,,,,
Americas,Saint Lucia,2014,,,,,
Americas,Saint Vincent and the Grenadines,2000,,,,,
Americas,Saint Vincent and the Grenadines,2001,,,,,
Americas,Saint Vincent and the Grenadines,2002,,,,,
Americas,Saint Vincent and the Grenadines,2003,,,,,
Americas,Saint Vincent and the Grenadines,2004,,,,,
Americas,Saint Vincent and the Grenadines,2005,,,,,
Americas,Saint Vincent and the Grenadines,2006,,,,,
Americas,Saint Vincent and the Grenadines,2007,,,,,
Americas,Saint Vincent and the Grenadines,2008,,,,,
Americas,Saint Vincent and the Grenadines,2009,,,,,
Americas,Saint Vincent and the Grenadines,2010,,,,,
Americas,Saint Vincent and the Grenadines,2011,,,,,
Americas,Saint Vincent and the Grenadines,2012,,,,,
Americas,Saint Vincent and the Grenadines,2013,,,,,
Americas,Saint Vincent and the Grenadines,2014,,,,,
Western Pacific,Samoa,2000,,,,,
Western Pacific,Samoa,2001,,,,,
Western Pacific,Samoa,2002,,,,,
Western Pacific,Samoa,2003,,,,,
Western Pacific,Samoa,2004,,,,,
Western Pacific,Samoa,2005,,,,,
Western Pacific,Samoa,2006,,,,,
Western Pacific,Samoa,2007,,,,,
Western Pacific,Samoa,2008,,,,,
Western Pacific,Samoa,2009,,,,,
Western Pacific,Samoa,2010,,,,,
Western Pacific,Samoa,2011,,,,,
Europe,San Marino,2000,,,,,
Europe,San Marino,2001,,,,,
Europe,San Marino,2002,,,,,
Europe,San Marino,2003,,,,,
Europe,San Marino,2004,,,,,
Europe,San Marino,2005,,,,,
Europe,San Marino,2006,,,,,
Europe,San Marino,2007,,,,,
Europe,San Marino,2008,,,,,
Europe,San Marino,2009,,,,,
Europe,San Marino,2010,,,,,
Africa,Sao Tome and Principe,2000,,,,,
Africa,Sao Tome and Principe,2001,,,,,
Africa,Sao Tome and Principe,2002,,,,,
Africa,Sao Tome and Principe,2003,,,,,
Africa,Sao Tome and Principe,2004,,,,,
Africa,Sao Tome and Principe,2005,,,,,
Africa,Sao Tome and Principe,2006,,,,,
Africa,Sao Tome and Principe,2007,,,,,
Africa,Sao Tome and Principe,2008,,,,,
Africa,Sao Tome and Principe,2009,,,,,
Africa,Sao Tome and Principe,2010,,,,,
Africa,Sao Tome and Principe,2011,,,,,
Eastern Mediterranean,Saudi Arabia,2000,,,,,
Eastern Mediterranean,Saudi Arabia,2001,,,,,
Eastern Mediterranean,Saudi Arabia,2002,,,,,
Eastern Mediterranean,Saudi Arabia,2003,,,,,
Eastern Mediterranean,Saudi Arabia,2004,,,,,
Eastern Mediterranean,Saudi Arabia,2005,,,,,
Eastern Mediterranean,Saudi Arabia,2006,,,,,
Eastern Mediterranean,Saudi Arabia,2007,,,,,
Eastern Mediterranean,Saudi Arabia,2008,,,,,
Eastern Mediterranean,Saudi Arabia,2009,,,,,
Eastern Mediterranean,Saudi Arabia,2010,,,,,
Eastern Mediterranean,Saudi Arabia,2011,,,,,
Eastern Mediterranean,Saudi Arabia,2012,,,,,
Eastern Mediterranean,Saudi Arabia,2013,,,,,
Eastern Mediterranean,Saudi Arabia,2014,,,,,
Africa,Senegal,2000,,,,,
Africa,Senegal,2001,,,,,
Africa,Senegal,2002,,,,,
Africa,Senegal,2003,,,,,
Africa,Senegal,2004,,,,,
Africa,Senegal,2005,,,,,
Africa,Senegal,2006,,,,,
Africa,Senegal,2007,,,,,
Africa,Senegal,2008,,,,,
Africa,Senegal,2009,,,,,
Africa,Senegal,2010,,,,,
Africa,Senegal,2011,,,,,
Africa,Senegal,2012,,,,,
Africa,Senegal,2013,,,,,
Africa,Senegal,2014,,,,,
Europe,Serbia,2000,,,,,
Europe,Serbia,2001,,,,,
Europe,Serbia,2002,,,,,
Europe,Serbia,2003,,,,,
Europe,Serbia,2004,,,,,
Europe,Serbia,2005,,,,,
Europe,Serbia,2006,,,,,
Europe,Serbia,2007,,,,,
Europe,Serbia,2008,,,,,
Europe,Serbia,2009,,,,,
Europe,Serbia,2010,,,,,
Europe,Serbia,2011,,,,,
Europe,Serbia,2012,,,,,
Europe,Serbia,2013,,,,,
Europe,Serbia,2014,,,,,
Africa,Seychelles,2000,,,,,
Africa,Seychelles,2001,,,,,
Africa,Seychelles,2002,,,,,
Africa,Seychelles,2003,,,,,
Africa,Seychelles,2004,,,,,
Africa,Seychelles,2005,,,,,
Africa,Seychelles,2006,,,,,
Africa,Seychelles,2007,,,,,
Africa,Seychelles,2008,,,,,
Africa,Seychelles,2009,,,,,
Africa,Seychelles,2010,,,,,
Africa,Seychelles,2011,,,,,
Africa,Sierra Leone,2000,,,,,
Africa,Sierra Leone,2001,,,,,
Africa,Sierra Leone,2002,,,,,
Africa,Sierra Leone,2003,,,,,
Africa,Sierra Leone,2004,,,,,
Africa,Sierra Leone,2005,,,,,
Africa,Sierra Leone,2006,,,,,
Africa,Sierra Leone,2007,,,,,
Africa,Sierra Leone,2008,,,,,
Africa,Sierra Leone,2009,,,,,
Africa,Sierra Leone,2010,,,,,
Africa,Sierra Leone,2011,,,,,
Western Pacific,Singapore,2000,,,,,
Western Pacific,Singapore,2001,,,,,
Western Pacific,Singapore,2002,,,,,
Western Pacific,Singapore,2003,,,,,
Western Pacific,Singapore,2004,,,,,
Western Pacific,Singapore,2005,,,,,
Western Pacific,Singapore,2006,,,,,
Western Pacific,Singapore,2007,,,,,
Western Pacific,Singapore,2008,,,,,
Western Pacific,Singapore,2009,,,,,
Western Pacific,Singapore,2010,,,,,
Western Pacific,Singapore,2011,,,,,
Western Pacific,Singapore,2012,,,,,
Western Pacific,Singapore,2013,,,,,
Western Pacific,Singapore,2014,,,,,
Western Pacific,Singapore,2015,,,,,
Europe,Slovakia,2000,,,,,
Europe,Slovakia,2001,,,,,
Europe,Slovakia,2002,,,,,
Europe,Slovakia,2003,,,,,
Europe,Slovakia,2004,,,,,
Europe,Slovakia,2005,,,,,
Europe,Slovakia,2006,,,,,
Europe,Slovakia,2007,,,,,
Europe,Slovakia,2008,,,,,
Europe,Slovakia,2009,,,,,
Europe,Slovakia,2010,,,,,
Europe,Slovakia,2011,,,,,
Europe,Slovakia,2012,,,,,
Europe,Slovakia,2013,,,,,
Europe,Slovakia,2014,,,,,
Europe,Slovenia,2000,,,,,
Europe,Slovenia,2001,,,,,
Europe,Slovenia,2002,,,,,
Europe,Slovenia,2003,,,,,
Europe,Slovenia,2004,,,,,
Europe,Slovenia,2005,,,,,
Europe,Slovenia,2006,,,,,
Europe,Slovenia,2007,,,,,
Europe,Slovenia,2008,,,,,
Europe,Slovenia,2009,,,,,
Europe,Slovenia,2010,,,,,
Europe,Slovenia,2011,,,,,
Europe,Slovenia,2012,,,,,
Europe,Slovenia,2013,,,,,
Europe,Slovenia,2014,,,,,
Western Pacific,Solomon Islands,2000,,,,,
Western Pacific,Solomon Islands,2001,,,,,
Western Pacific,Solomon Islands,2002,,,,,
Western Pacific,Solomon Islands,2003,,,,,
Western Pacific,Solomon Islands,2004,,,,,
Western Pacific,Solomon Islands,2005,,,,,
Western Pacific,Solomon Islands,2006,,,,,
Western Pacific,Solomon Islands,2007,,,,,
Western Pacific,Solomon Islands,2008,,,,,
Western Pacific,Solomon Islands,2009,,,,,
Western Pacific,Solomon Islands,2010,,,,,
Western Pacific,Solomon Islands,2011,,,,,
Eastern Mediterranean,Somalia,2000,,,,,
Eastern Mediterranean,Somalia,2001,,,,,
Eastern Mediterranean,Somalia,2002,,,,,
Eastern Mediterranean,Somalia,2003,,,,,
Eastern Mediterranean,Somalia,2004,,,,,
Eastern Mediterranean,Somalia,2005,,,,,
Eastern Mediterranean,Somalia,2006,,,,,
Eastern Mediterranean,Somalia,2007,,,,,
Eastern Mediterranean,Somalia,2008,,,,,
Eastern Mediterranean,Somalia,2009,,,,,
Eastern Mediterranean,Somalia,2010,,,,,
Eastern Mediterranean,Somalia,2011,,,,,
Africa,South Africa,2000,,,,,
Africa,South Africa,2001,,,,,
Africa,South Africa,2002,,,,,
Africa,South Africa,2003,,,,,
Africa,South Africa,2004,,,,,
Africa,South Africa,2005,,,,,
Africa,South Africa,2006,,,,,
Africa,South Africa,2007,,,,,
Africa,South Africa,2008,,,,,
Africa,South Africa,2009,,,,,
Africa,South Africa,2010,,,,,
Africa,South Africa,2011,,,,,
Africa,South Africa,2012,,,,,
Africa,South Africa,2013,,,,,
Africa,South Africa,2014,,,,,
Europe,Spain,2000,,,,,
Europe,Spain,2001,,,,,
Europe,Spain,2002,,,,,
Europe,Spain,2003,,,,,
Europe,Spain,2004,,,,,
Europe,Spain,2005,,,,,
Europe,Spain,2006,,,,,
Europe,Spain,2007,,,,,
Europe,Spain,2008,,,,,
Europe,Spain,2009,,,,,
Europe,Spain,2010,,,,,
Europe,Spain,2011,,,,,
Europe,Spain,2012,,,,,
Europe,Spain,2013,,,,,
South-East Asia,Sri Lanka,2000,,,,,
South-East Asia,Sri Lanka,2001,,,,,
South-East Asia,Sri Lanka,2002,,,,,
South-East Asia,Sri Lanka,2003,,,,,
South-East Asia,Sri Lanka,2004,,,,,
South-East Asia,Sri Lanka,2005,,,,,
South-East Asia,Sri Lanka,2006,,,,,
South-East Asia,Sri Lanka,2007,,,,,
South-East Asia,Sri Lanka,2008,,,,,
South-East Asia,Sri Lanka,2009,,,,,
South-East Asia,Sri Lanka,2010,,,,,
South-East Asia,Sri Lanka,2011,,,,,
South-East Asia,Sri Lanka,2012,,,,,
South-East Asia,Sri Lanka,2013,,,,,
South-East Asia,Sri Lanka,2014,,,,,
Eastern Mediterranean,Sudan,2000,,,,,
Eastern Mediterranean,Sudan,2001,,,,,
Eastern Mediterranean,Sudan,2002,,,,,
Eastern Mediterranean,Sudan,2003,,,,,
Eastern Mediterranean,Sudan,2004,,,,,
Eastern Mediterranean,Sudan,2005,,,,,
Eastern Mediterranean,Sudan,2006,,,,,
Eastern Mediterranean,Sudan,2007,,,,,
Eastern Mediterranean,Sudan,2008,,,,,
Eastern Mediterranean,Sudan,2009,,,,,
Eastern Mediterranean,Sudan,2010,,,,,
Eastern Mediterranean,Sudan,2011,,,,,
Americas,Suriname,2000,,,,,
Americas,Suriname,2001,,,,,
Americas,Suriname,2002,,,,,
Americas,Suriname,2003,,,,,
Americas,Suriname,2004,,,,,
Americas,Suriname,2005,,,,,
Americas,Suriname,2006,,,,,
Americas,Suriname,2007,,,,,
Americas,Suriname,2008,,,,,
Americas,Suriname,2009,,,,,
Americas,Suriname,2010,,,,,
Americas,Suriname,2011,,,,,
Americas,Suriname,2012,,,,,
Americas,Suriname,2013,,,,,
Americas,Suriname,2014,,,,,
Africa,Swaziland,2000,,,,,
Africa,Swaziland,2001,,,,,
Africa,Swaziland,2002,,,,,
Africa,Swaziland,2003,,,,,
Africa,Swaziland,2004,,,,,
Africa,Swaziland,2005,,,,,
Africa,Swaziland,2006,,,,,
Africa,Swaziland,2007,,,,,
Africa,Swaziland,2008,,,,,
Africa,Swaziland,2009,,,,,
Africa,Swaziland,2010,,,,,
Africa,Swaziland,2011,,,,,
Europe,Sweden,2000,,,,,
Europe,Sweden,2001,,,,,
Europe,Sweden,2002,,,,,
Europe,Sweden,2003,,,,,
Europe,Sweden,2004,,,,,
Europe,Sweden,2005,,,,,
Europe,Sweden,2006,,,,,
Europe,Sweden,2007,,,,,
Europe,Sweden,2008,,,,,
Europe,Sweden,2009,,,,,
Europe,Sweden,2010,,,,,
Europe,Sweden,2011,,,,,
Europe,Sweden,2012,,,,,
Europe,Sweden,2013,,,,,
Europe,Sweden,2014,,,,,
Europe,Switzerland,2000,,,,,
Europe,Switzerland,2001,,,,,
Europe,Switzerland,2002,,,,,
Europe,Switzerland,2003,,,,,
Europe,Switzerland,2004,,,,,
Europe,Switzerland,2005,,,,,
Europe,Switzerland,2006,,,,,
Europe,Switzerland,2007,,,,,
Europe,Switzerland,2008,,,,,
Europe,Switzerland,2009,,,,,
Europe,Switzerland,2010,,,,,
Europe,Switzerland,2011,,,,,
Europe,Switzerland,2012,,,,,
Europe,Switzerland,2013,,,,,
Europe,Switzerland,2014,,,,,
Eastern Mediterranean,Syrian Arab Republic,2000,,,,,
Eastern Mediterranean,Syrian Arab Republic,2001,,,,,
Eastern Mediterranean,Syrian Arab Republic,2002,,,,,
Eastern Mediterranean,Syrian Arab Republic,2003,,,,,
Eastern Mediterranean,Syrian Arab Republic,2004,,,,,
Eastern Mediterranean,Syrian Arab Republic,2005,,,,,
Eastern Mediterranean,Syrian Arab Republic,2006,,,,,
Eastern Mediterranean,Syrian Arab Republic,2007,,,,,
Eastern Mediterranean,Syrian Arab Republic,2008,,,,,
Eastern Mediterranean,Syrian Arab Republic,2009,,,,,
Eastern Mediterranean,Syrian Arab Republic,2010,,,,,
Eastern Mediterranean,Syrian Arab Republic,2011,,,,,
Europe,Tajikistan,2000,,,,,
Europe,Tajikistan,2001,,,,,
Europe,Tajikistan,2002,,,,,
Europe,Tajikistan,2003,,,,,
Europe,Tajikistan,2004,,,,,
Europe,Tajikistan,2005,,,,,
Europe,Tajikistan,2006,,,,,
Europe,Tajikistan,2007,,,,,
Europe,Tajikistan,2008,,,,,
Europe,Tajikistan,2009,,,,,
Europe,Tajikistan,2010,,,,,
Europe,Tajikistan,2011,,,,,
South-East Asia,Thailand,2000,,,,,
South-East Asia,Thailand,2001,,,,,
South-East Asia,Thailand,2002,,,,,
South-East Asia,Thailand,2003,,,,,
South-East Asia,Thailand,2004,,,,,
South-East Asia,Thailand,2005,,,,,
South-East Asia,Thailand,2006,,,,,
South-East Asia,Thailand,2007,,,,,
South-East Asia,Thailand,2008,,,,,
South-East Asia,Thailand,2009,,,,,
South-East Asia,Thailand,2010,,,,,
South-East Asia,Thailand,2011,,,,,
South-East Asia,Thailand,2012,,,,,
South-East Asia,Thailand,2013,,,,,
South-East Asia,Thailand,2014,,,,,
Europe,The former Yugoslav republic of Macedonia,2000,,,,,
Europe,The former Yugoslav republic of Macedonia,2001,,,,,
Europe,The former Yugoslav republic of Macedonia,2002,,,,,
Europe,The former Yugoslav republic of Macedonia,2003,,,,,
Europe,The former Yugoslav republic of Macedonia,2004,,,,,
Europe,The former Yugoslav republic of Macedonia,2005,,,,,
Europe,The former Yugoslav republic of Macedonia,2006,,,,,
Europe,The former Yugoslav republic of Macedonia,2007,,,,,
Europe,The former Yugoslav republic of Macedonia,2008,,,,,
Europe,The former Yugoslav republic of Macedonia,2009,,,,,
Europe,The former Yugoslav republic of Macedonia,2010,,,,,
Europe,The former Yugoslav republic of Macedonia,2011,,,,,
Europe,The former Yugoslav republic of Macedonia,2012,,,,,
Europe,The former Yugoslav republic of Macedonia,2013,,,,,
Europe,The former Yugoslav republic of Macedonia,2014,,,,,
South-East Asia,Timor-Leste,2000,,,,,
South-East Asia,Timor-Leste,2001,,,,,
South-East Asia,Timor-Leste,2002,,,,,
South-East Asia,Timor-Leste,2003,,,,,
South-East Asia,Timor-Leste,2004,,,,,
South-East Asia,Timor-Leste,2005,,,,,
South-East Asia,Timor-Leste,2006,,,,,
South-East Asia,Timor-Leste,2007,,,,,
South-East Asia,Timor-Leste,2008,,,,,
South-East Asia,Timor-Leste,2009,,,,,
South-East Asia,Timor-Leste,2010,,,,,
South-East Asia,Timor-Leste,2011,,,,,
Africa,Togo,2000,,,,,
Africa,Togo,2001,,,,,
Africa,Togo,2002,,,,,
Africa,Togo,2003,,,,,
Africa,Togo,2004,,,,,
Africa,Togo,2005,,,,,
Africa,Togo,2006,,,,,
Africa,Togo,2007,,,,,
Africa,Togo,2008,,,,,
Africa,Togo,2009,,,,,
Africa,Togo,2010,,,,,
Africa,Togo,2011,,,,,
Western Pacific,Tonga,2000,,,,,
Western Pacific,Tonga,2001,,,,,
Western Pacific,Tonga,2002,,,,,
Western Pacific,Tonga,2003,,,,,
Western Pacific,Tonga,2004,,,,,
Western Pacific,Tonga,2005,,,,,
Western Pacific,Tonga,2006,,,,,
Western Pacific,Tonga,2007,,,,,
Western Pacific,Tonga,2008,,,,,
Western Pacific,Tonga,2009,,,,,
Western Pacific,Tonga,2010,,,,,
Western Pacific,Tonga,2011,,,,,
Americas,Trinidad and Tobago,2000,,,,,
Americas,Trinidad and Tobago,2001,,,,,
Americas,Trinidad and Tobago,2002,,,,,
Americas,Trinidad and Tobago,2003,,,,,
Americas,Trinidad and Tobago,2004,,,,,
Americas,Trinidad and Tobago,2005,,,,,
Americas,Trinidad and Tobago,2006,,,,,
Americas,Trinidad and Tobago,2007,,,,,
Americas,Trinidad and Tobago,2008,,,,,
Americas,Trinidad and Tobago,2009,,,,,
Americas,Trinidad and Tobago,2010,,,,,
Americas,Trinidad and Tobago,2011,,,,,
Americas,Trinidad and Tobago,2012,,,,,
Americas,Trinidad and Tobago,2013,,,,,
Americas,Trinidad and Tobago,2014,,,,,
Eastern Mediterranean,Tunisia,2000,,,,,
Eastern Mediterranean,Tunisia,2001,,,,,
Eastern Mediterranean,Tunisia,2002,,,,,
Eastern Mediterranean,Tunisia,2003,,,,,
Eastern Mediterranean,Tunisia,2004,,,,,
Eastern Mediterranean,Tunisia,2005,,,,,
Eastern Mediterranean,Tunisia,2006,,,,,
Eastern Mediterranean,Tunisia,2007,,,,,
Eastern Mediterranean,Tunisia,2008,,,,,
Eastern Mediterranean,Tunisia,2009,,,,,
Eastern Mediterranean,Tunisia,2010,,,,,
Eastern Mediterranean,Tunisia,2011,,,,,
Eastern Mediterranean,Tunisia,2012,,,,,
Eastern Mediterranean,Tunisia,2013,,,,,
Eastern Mediterranean,Tunisia,2014,,,,,
Europe,Turkey,2000,,,,,
Europe,Turkey,2001,,,,,
Europe,Turkey,2002,,,,,
Europe,Turkey,2003,,,,,
Europe,Turkey,2004,,,,,
Europe,Turkey,2005,,,,,
Europe,Turkey,2006,,,,,
Europe,Turkey,2007,,,,,
Europe,Turkey,2008,,,,,
Europe,Turkey,2009,,,,,
Europe,Turkey,2010,,,,,
Europe,Turkey,2011,,,,,
Europe,Turkey,2012,,,,,
Europe,Turkey,2013,,,,,
Europe,Turkey,2014,,,,,
Europe,Turkmenistan,2000,,,,,
Europe,Turkmenistan,2001,,,,,
Europe,Turkmenistan,2002,,,,,
Europe,Turkmenistan,2003,,,,,
Europe,Turkmenistan,2004,,,,,
Europe,Turkmenistan,2005,,,,,
Europe,Turkmenistan,2006,,,,,
Europe,Turkmenistan,2007,,,,,
Europe,Turkmenistan,2008,,,,,
Europe,Turkmenistan,2009,,,,,
Europe,Turkmenistan,2010,,,,,
Europe,Turkmenistan,2011,,,,,
Europe,Turkmenistan,2012,,,,,
Europe,Turkmenistan,2013,,,,,
Europe,Turkmenistan,2014,,,,,
Western Pacific,Tuvalu,2000,,,,,
Western Pacific,Tuvalu,2001,,,,,
Western Pacific,Tuvalu,2002,,,,,
Western Pacific,Tuvalu,2003,,,,,
Western Pacific,Tuvalu,2004,,,,,
Western Pacific,Tuvalu,2005,,,,,
Western Pacific,Tuvalu,2006,,,,,
Western Pacific,Tuvalu,2007,,,,,
Western Pacific,Tuvalu,2008,,,,,
Western Pacific,Tuvalu,2009,,,,,
Western Pacific,Tuvalu,2010,,,,,
Western Pacific,Tuvalu,2011,,,,,
Africa,Uganda,2000,,,,,
Africa,Uganda,2001,,,,,
Africa,Uganda,2002,,,,,
Africa,Uganda,2003,,,,,
Africa,Uganda,2004,,,,,
Africa,Uganda,2005,,,,,
Africa,Uganda,2006,,,,,
Africa,Uganda,2007,,,,,
Africa,Uganda,2008,,,,,
Africa,Uganda,2009,,,,,
Africa,Uganda,2010,,,,,
Africa,Uganda,2011,,,,,
Europe,Ukraine,2000,,,,,
Europe,Ukraine,2001,,,,,
Europe,Ukraine,2002,,,,,
Europe,Ukraine,2003,,,,,
Europe,Ukraine,2004,,,,,
Europe,Ukraine,2005,,,,,
Europe,Ukraine,2006,,,,,
Europe,Ukraine,2007,,,,,
Europe,Ukraine,2008,,,,,
Europe,Ukraine,2009,,,,,
Europe,Ukraine,2010,,,,,
Europe,Ukraine,2011,,,,,
Europe,Ukraine,2012,,,,,
Europe,Ukraine,2013,,,,,
Europe,Ukraine,2014,,,,,
Eastern Mediterranean,United Arab Emirates,2000,,,,,
Eastern Mediterranean,United Arab Emirates,2001,,,,,
Eastern Mediterranean,United Arab Emirates,2002,,,,,
Eastern Mediterranean,United Arab Emirates,2003,,,,,
Eastern Mediterranean,United Arab Emirates,2004,,,,,
Eastern Mediterranean,United Arab Emirates,2005,,,,,
Eastern Mediterranean,United Arab Emirates,2006,,,,,
Eastern Mediterranean,United Arab Emirates,2007,,,,,
Eastern Mediterranean,United Arab Emirates,2008,,,,,
Eastern Mediterranean,United Arab Emirates,2009,,,,,
Eastern Mediterranean,United Arab Emirates,2010,,,,,
Eastern Mediterranean,United Arab Emirates,2011,,,,,
Eastern Mediterranean,United Arab Emirates,2012,,,,,
Eastern Mediterranean,United Arab Emirates,2013,,,,,
Eastern Mediterranean,United Arab Emirates,2014,,,,,
Europe,United Kingdom of Great Britain and Northern Ireland,2000,,,,,
Europe,United Kingdom of Great Britain and Northern Ireland,2001,,,,,
Europe,United Kingdom of Great Britain and Northern Ireland,2002,,,,,
Europe,United Kingdom of Great Britain and Northern Ireland,2003,,,,,
Europe,United Kingdom of Great Britain and Northern Ireland,2004,,,,,
Europe,United Kingdom of Great Britain and Northern Ireland,2005,,,,,
Europe,United Kingdom of Great Britain and Northern Ireland,2006,,,,,
Europe,United Kingdom of Great Britain and Northern Ireland,2007,,,,,
Europe,United Kingdom of Great Britain and Northern Ireland,2008,,,,,
Europe,United Kingdom of Great Britain and Northern Ireland,2009,,,,,
Europe,United Kingdom of Great Britain and Northern Ireland,2010,,,,,
Europe,United Kingdom of Great Britain and Northern Ireland,2011,,,,,
Europe,United Kingdom of Great Britain and Northern Ireland,2012,,,,,
Europe,United Kingdom of Great Britain and Northern Ireland,2013,,,,,
Europe,United Kingdom of Great Britain and Northern Ireland,2014,,,,,
Europe,United Kingdom of Great Britain and Northern Ireland,2015,,,,,
Africa,United Republic of Tanzania,2000,,,,,
Africa,United Republic of Tanzania,2001,,,,,
Africa,United Republic of Tanzania,2002,,,,,
Africa,United Republic of Tanzania,2003,,,,,
Africa,United Republic of Tanzania,2004,,,,,
Africa,United Republic of Tanzania,2005,,,,,
Africa,United Republic of Tanzania,2006,,,,,
Africa,United Republic of Tanzania,2007,,,,,
Africa,United Republic of Tanzania,2008,,,,,
Africa,United Republic of Tanzania,2009,,,,,
Africa,United Republic of Tanzania,2010,,,,,
Africa,United Republic of Tanzania,2011,,,,,
Africa,United Republic of Tanzania,2012,,,,,
Africa,United Republic of Tanzania,2013,,,,,
Americas,United States of America,2000,,,,,
Americas,United States of America,2001,,,,,
Americas,United States of America,2002,,,,,
Americas,United States of America,2003,,,,,
Americas,United States of America,2004,,,,,
Americas,United States of America,2005,,,,,
Americas,United States of America,2006,,,,,
Americas,United States of America,2007,,,,,
Americas,United States of America,2008,,,,,
Americas,United States of America,2009,,,,,
Americas,United States of America,2010,,,,,
Americas,United States of America,2011,,,,,
Americas,United States of America,2012,,,,,
Americas,United States of America,2013,,,,,
Americas,United States of America,2014,,,,,
Americas,Uruguay,2000,,,,,
Americas,Uruguay,2001,,,,,
Americas,Uruguay,2002,,,,,
Americas,Uruguay,2003,,,,,
Americas,Uruguay,2004,,,,,
Americas,Uruguay,2005,,,,,
Americas,Uruguay,2006,,,,,
Americas,Uruguay,2007,,,,,
Americas,Uruguay,2008,,,,,
Americas,Uruguay,2009,,,,,
Americas,Uruguay,2010,,,,,
Americas,Uruguay,2011,,,,,
Americas,Uruguay,2012,,,,,
Americas,Uruguay,2013,,,,,
Americas,Uruguay,2014,,,,,
Europe,Uzbekistan,2000,,,,,
Europe,Uzbekistan,2001,,,,,
Europe,Uzbekistan,2002,,,,,
Europe,Uzbekistan,2003,,,,,
Europe,Uzbekistan,2004,,,,,
Europe,Uzbekistan,2005,,,,,
Europe,Uzbekistan,2006,,,,,
Europe,Uzbekistan,2007,,,,,
Europe,Uzbekistan,2008,,,,,
Europe,Uzbekistan,2009,,,,,
Europe,Uzbekistan,2010,,,,,
Europe,Uzbekistan,2011,,,,,
Western Pacific,Vanuatu,2000,,,,,
Western Pacific,Vanuatu,2001,,,,,
Western Pacific,Vanuatu,2002,,,,,
Western Pacific,Vanuatu,2003,,,,,
Western Pacific,Vanuatu,2004,,,,,
Western Pacific,Vanuatu,2005,,,,,
Western Pacific,Vanuatu,2006,,,,,
Western Pacific,Vanuatu,2007,,,,,
Western Pacific,Vanuatu,2008,,,,,
Western Pacific,Vanuatu,2009,,,,,
Western Pacific,Vanuatu,2010,,,,,
Western Pacific,Vanuatu,2011,,,,,
Americas,Venezuela (Bolivarian Republic of),2000,,,,,
Americas,Venezuela (Bolivarian Republic of),2001,,,,,
Americas,Venezuela (Bolivarian Republic of),2002,,,,,
Americas,Venezuela (Bolivarian Republic of),2003,,,,,
Americas,Venezuela (Bolivarian Republic of),2004,,,,,
Americas,Venezuela (Bolivarian Republic of),2005,,,,,
Americas,Venezuela (Bolivarian Republic of),2006,,,,,
Americas,Venezuela (Bolivarian Republic of),2007,,,,,
Americas,Venezuela (Bolivarian Republic of),2008,,,,,
Americas,Venezuela (Bolivarian Republic of),2009,,,,,
Americas,Venezuela (Bolivarian Republic of),2010,,,,,
Americas,Venezuela (Bolivarian Republic of),2011,,,,,
Americas,Venezuela (Bolivarian Republic of),2012,,,,,
Americas,Venezuela (Bolivarian Republic of),2013,,,,,
Americas,Venezuela (Bolivarian Republic of),2014,,,,,
Western Pacific,Viet Nam,2000,,,,,
Western Pacific,Viet Nam,2001,,,,,
Western Pacific,Viet Nam,2002,,,,,
Western Pacific,Viet Nam,2003,,,,,
Western Pacific,Viet Nam,2004,,,,,
Western Pacific,Viet Nam,2005,,,,,
Western Pacific,Viet Nam,2006,,,,,
Western Pacific,Viet Nam,2007,,,,,
Western Pacific,Viet Nam,2008,,,,,
Western Pacific,Viet Nam,2009,,,,,
Western Pacific,Viet Nam,2010,,,,,
Western Pacific,Viet Nam,2011,,,,,
Western Pacific,Viet Nam,2012,,,,,
Western Pacific,Viet Nam,2013,,,,,
Western Pacific,Viet Nam,2014,,,,,
Eastern Mediterranean,Yemen,2000,,,,,
Eastern Mediterranean,Yemen,2001,,,,,
Eastern Mediterranean,Yemen,2002,,,,,
Eastern Mediterranean,Yemen,2003,,,,,
Eastern Mediterranean,Yemen,2004,,,,,
Eastern Mediterranean,Yemen,2005,,,,,
Eastern Mediterranean,Yemen,2006,,,,,
Eastern Mediterranean,Yemen,2007,,,,,
Eastern Mediterranean,Yemen,2008,,,,,
Eastern Mediterranean,Yemen,2009,,,,,
Eastern Mediterranean,Yemen,2010,,,,,
Eastern Mediterranean,Yemen,2011,,,,,
Eastern Mediterranean,Yemen,2012,,,,,
Eastern Mediterranean,Yemen,2013,,,,,
Africa,Zambia,2000,,,,,
Africa,Zambia,2001,,,,,
Africa,Zambia,2002,,,,,
Africa,Zambia,2003,,,,,
Africa,Zambia,2004,,,,,
Africa,Zambia,2005,,,,,
Africa,Zambia,2006,,,,,
Africa,Zambia,2007,,,,,
Africa,Zambia,2008,,,,,
Africa,Zambia,2009,,,,,
Africa,Zambia,2010,,,,,
Africa,Zambia,2011,,,,,
Africa,Zambia,2012,,,,,
Africa,Zambia,2013,,,,,
Africa,Zimbabwe,2000,,,,,
Africa,Zimbabwe,2001,,,,,
Africa,Zimbabwe,2002,,,,,
Africa,Zimbabwe,2003,,,,,
Africa,Zimbabwe,2004,,,,,
Africa,Zimbabwe,2005,,,,,
Africa,Zimbabwe,2006,,,,,
Africa,Zimbabwe,2007,,,,,
Africa,Zimbabwe,2008,,,,,
Africa,Zimbabwe,2009,,,,,
Africa,Zimbabwe,2010,,,,,
Africa,Zimbabwe,2011,,,,,
Africa,Zimbabwe,2012,,,,,
Africa,Zimbabwe,2013,,,,,
Africa,Zimbabwe,2014,,,,,
